note_id,type,title,desc,video_url,time,last_update_time,user_id,nickname,avatar,liked_count,collected_count,comment_count,share_count,ip_location,image_list,tag_list,last_modify_ts,note_url
644653800000000013036455,normal,毕业旅行👭适合学生党穷游的十大城市✈️,"又快到一年一次的毕业季了🎉，学生党们旅游攻略可以做起来啦✌为大家整理了国内最适合穷游的十大城市，看见赶紧码住哦❤️
————
📍重庆
花费：500~1000
时间：3天
景点：洪崖洞、朝天门、李子坝、磁器口、白象居、鹅岭二厂、长江索道…
住宿：解放碑、观音桥、南滨路、沙坪坝
—
📍长沙
花费：800~1000
时间：3天
景点：橘子洲、五一广场、岳麓山、文和友、湖南省博物馆、太平老街…
住宿：长沙南站或者五一广场
—
📍厦门
花费：1000~2000
时间：2~3天
景点：鼓浪屿、厦门大学、沙坡尾、南普陀寺…
住宿：思明区、湖里区
—
📍青岛
花费：1000~1500
时间：3~4天
景点：崂山风景区青岛啤酒城、圣弥厄尔大教堂、五四广场…
住宿：建议住在市北区和市南区
—
📍苏州
花费：1000~2000
时间：3~4天
景点：拙政园、平江路、苏州博物馆、狮子林…
住宿：建议住在观前街
—
📍成都
花费：800~1000
时间：2~3天
景点：大熊猫繁育基地、宽窄巷子、武侯祠、人民公园、春熙路、太古里…
住宿：建议住春熙路和天府广场
—
📍西安
花费：3~4天
时间：1000~2000
景点：大雁塔、大唐不夜城、华山、长安十二时辰、兵马俑博物馆…
住宿：建议住在火车站、大唐不夜城
—
📍武汉
花费：2~3天
时间：1000~1500
景点：黄鹤楼、昙华林、武汉大学、晴川阁…
住宿：江汉路、东湖、黄鹤楼
—
📍大理
花费：1000~1500
时间：3~4天
景点：洱海、大理古栈、苍山、小普陀、双廊古镇…
住宿：建议住大理古城和洱海
—
📍桂林
花费：1000~1500
时间：2~3天
景点：象鼻山、遇龙河、桂林千古情、龙脊梯田…
住宿：建议住在阳朔、糖社
.
👉重庆美食推荐
🔥
🔥
🔥
            
@生活薯 @走走薯 @城市情报官 @小红书成长助手 @薯队长",,1682330496000,1682330497000,5b9da3c66b58b7694b226684,火锅儿妹妹,https://sns-avatar-qc.xhscdn.com/avatar/63f0a92c67341b9f427b9503.jpg,46895,24012,1178,8700,,"https://sns-img-hw.xhscdn.com/25cc780e-d667-6a7d-a067-7c9a4d11eaa8,https://sns-img-hw.xhscdn.com/417f9c4a-1c31-fc29-710f-a970bcd939e6,https://sns-img-hw.xhscdn.com/7ccb1902-0529-3dfd-6ed7-199e3f3ead12,https://sns-img-hw.xhscdn.com/465eb1e3-8dc0-8a2f-c5f1-e60fee02e489,https://sns-img-hw.xhscdn.com/313f7f81-e207-2c6e-f4d9-9cb4ccb49de1,https://sns-img-hw.xhscdn.com/aa9721c7-7a99-cc27-3fbc-9772278fbb08,https://sns-img-hw.xhscdn.com/0240d9f8-a01f-57a2-94c4-d9c5e0476df8,https://sns-img-hw.xhscdn.com/0c1d8bd6-1023-ba17-4032-f7e76ef99815,https://sns-img-hw.xhscdn.com/50c4a50e-5e4f-4a18-e77a-ffd9440a4719","小北茶馆,老甘家小龙虾,北步园老火锅,大学生军训式旅游,周末去哪儿,五一去哪儿玩,毕业旅行,学生党,旅游攻略,重庆拍照,重庆旅游,重庆打卡,重庆美食,重庆攻略,重庆旅行攻略,重庆",1713149962919,https://www.xiaohongshu.com/explore/644653800000000013036455
63fb451900000000130098b3,normal,🌈去了趟重庆|🆘再也不发朋友圈了😭,"刚刚去了趟重庆旅行📸，耍得“巴适得板”！🌈天气不冷也不冷，正是来重庆最好的好机会💯，去了好多好玩的地方，也吃了好多好吃的美食，真的太太太太开心太爱这个充满温度城市啦💓💓
不过以后再来重庆我一定不会再发朋友圈了❗️❗️❗️朋友圈都被赞爆啦😭😭大家不要再问我攻略啦，连夜写出来赶紧收藏好哟🉐
.
🚘交通指南：
✈️机场
重庆只有一个机场—江北国际机场，离市区很方便
🚝火车站
1⃣重庆西站：环线的开通使重庆西站也不那么偏远了，乘坐环线时注意方向
2⃣重庆北站：分南、北广场，其中南北广场相隔不远，有地下通道连接，来重庆首先选重庆北站，距离市中心较近
3⃣重庆沙坪坝站：附近就是三峡广场，但是车次比较少
（可以选择出租车、网约车都可以到达市区）
.
📍必打卡景点：
🏖洪崖洞：现实版千与千寻
🌋长江索道：江上索道～
🏝鹅岭贰厂：文艺青年在重庆必打卡的地
🗼川美涂鸦街：整条街满满都是涂鸦～
⛺️解放碑：重庆 zui 有名的地标之一
🏕李子坝：重庆独一份儿的轻轨穿楼
.
🏠住宿指南：
🛀🏻解放碑：来重庆旅行的醉佳居住地一定是解放碑
🛀🏻观音桥：来重庆年轻人可以选择住在观音桥，这里有重庆的""不夜九街""也就是重庆知名的酒吧一条街，年轻人很多
🛀🏻南滨路：重庆的夜景从很多年前起就是一绝，想欣赏重庆绝美江景夜景可以住在南坪，视线越好价格越贵
🛀🏻沙坪坝：重庆各大区里，价格醉便宜的就是沙坪坝三峡广场那边的酒店和民宿了
.
📃旅游避坑指南：
💣重庆好玩的很多，但不要贪多，把行程安排满满的，要让自己好好享受这段旅游的时光
💣重庆的景点都比较集中，而且很多都不需要门票，特别适合穷游，没有必要跟团，自由行也能玩得开心
💣准备行李的时候一定要轻装上阵，不要带很多东西出去玩，不然很累的
一定要带上平底鞋，爬坡上坎的很费脚
💣乘坐出租车的时候切记不要相信司机的推建，很多都是托
💣不要信重庆人的微微辣不辣！！也不要轻易挑战重庆麻辣，要备好肠胃药
.
🍻美食推荐：
🍤 ：本地人打堆堆的地道江湖菜馆，推荐小龙虾！
🍵 ：浓厚的市井气息，舒服惬意的喝茶聊天！
🥘  ：正宗地道的重庆老火锅！
🍜 ：以麻辣闻名，推荐豌杂面，软烂的豌豆混着杂酱的肉香，超赞！",,1677411609000,1682549422000,5b9da3c66b58b7694b226684,火锅儿妹妹,https://sns-avatar-qc.xhscdn.com/avatar/63f0a92c67341b9f427b9503.jpg,5040,2986,67,357,,"https://sns-img-qc.xhscdn.com/e76aa9c0-b6ab-2449-3ad1-6f4cc029f7f6,https://sns-img-qc.xhscdn.com/984245b0-ed26-70d9-abf8-efa7a1b9401d,https://sns-img-qc.xhscdn.com/ca3b3e84-a551-3ac3-bbb9-f89ad21dba79,https://sns-img-qc.xhscdn.com/372b5a9d-200c-909b-bae9-f5fb9f035dcc,https://sns-img-qc.xhscdn.com/888ca650-2581-5242-d148-c90a56b0690c,https://sns-img-qc.xhscdn.com/661e5476-ab8e-ee10-1611-ae26a71218e3,https://sns-img-qc.xhscdn.com/1a21ff0e-8fa3-4051-fce8-a6a347ecc9e5,https://sns-img-qc.xhscdn.com/12d81c49-a3ea-0987-a827-b97bbd44a7aa,https://sns-img-qc.xhscdn.com/af252e1a-2ebb-2173-4aa9-25b66cfe11de","老甘家小龙虾,小北茶馆,北步园老火锅戴家巷店,重庆小面",1713149962922,https://www.xiaohongshu.com/explore/63fb451900000000130098b3
64708a1e00000000120332de,normal,客厅狂欢💚小汤圆必去的王源同款景点,"💚💚终于终于要和源儿见面了‼️‼️，谁懂我此刻的心情啊😭😭😭，先恭喜抢到门票的姐妹，你们都是幸运儿，没有抢到的外场也能听到哦，也有机会也能见到源儿呢💓💓生于山城，长于山城，马上我也会和你在山城见面😽欢迎源儿宝贝回家👏👏
💚💚来都来了，看完演唱会后小汤圆们肯定还是要在重庆到处遛遛呀，毕竟走过源走过的路也是很不错滴
💚💚以上这些源源的宝藏同款打卡地分享给各位汤圆姐妹，期待在某个地点偶遇哟😎~
.
🌈🌈源源同款打卡地2日游线路
.
💚Day1：解放碑﹣﹣彩虹梯-﹣长江国际﹣﹣同款甜甜圈﹣﹣同款桥洞﹣-洪崖洞﹣-重庆大剧院
💚Day2：棉花街缆车遗址﹣﹣涂鸦一条街﹣﹣胡记蹄花汤-﹣沙坪坝南开中学-﹣观音桥好吃街﹣江北国际机场
.
🌈🌈适合客厅狂欢演唱会的文案
.
💚如果你在时间的尽头也有想要奔赴的流萤，那此刻就从踮起脚尖开始吧
💚日子过得滚不滚烫我不知道，我只知道现在我整个人是滚烫的
💚这吹不出褶的平静日子也在闪光
💚今天我摘下了耳机，你走出了屏幕
💚来了现场才知道live的意义是耳机无法表达的情绪
💚开不起会员，只能来听现场版了
💚永远在我身旁，像电影每一段
💚蝉鸣不止的夏天会结束，可少年人的热爱永不落幕
💚这次换我走向你
💚在19岁的夏天重逢9岁时的心动
💚从屏幕到现场我花了九年
.
🌈🌈源源家乡美食推荐
.
💚地道居民楼老火锅：（戴家巷店）
💚本地人日常排队的小龙虾：
💚本地人喜欢喝茶的地方：
💚土著爱吃的家常菜饭馆：临华饭庄、人和水上漂
💚重庆人爱去的好吃街：八一好吃街，观音桥好吃街，每次去都人声鼎沸的，很热闹！
💚本地特色小吃：苕皮豆干、丁家坡洋芋、怪味胡豆、磁器口麻花、挑挑豆腐脑…
.
熬夜通宵整理出的打卡地，真的很全很全啊‼️‼️‼️
仅限汤圆姐妹收藏哦，祝我们山城相见💚💚💚
山城小汤圆们欢迎源源回家💒💒💒
          
@小红书成长助手@城市情报官  @薯队长 @生活薯 @走走薯",,1685096990000,1685096991000,5b9da3c66b58b7694b226684,火锅儿妹妹,https://sns-avatar-qc.xhscdn.com/avatar/63f0a92c67341b9f427b9503.jpg,29,5,4,3,,"https://sns-img-hw.xhscdn.com/081ff840-47c2-6bff-ada0-02849abf4927,https://sns-img-hw.xhscdn.com/26bfcddd-08ac-68ae-9aa8-52cbb0c6d0cb,https://sns-img-hw.xhscdn.com/63825b5b-7435-e0fc-7c3c-7456809c5194,https://sns-img-hw.xhscdn.com/3e1c7eaa-5a05-66ef-a970-66690fb1e8e4,https://sns-img-hw.xhscdn.com/53cd2bb8-a8e4-02bc-1fd6-9edf9d44ee0e,https://sns-img-hw.xhscdn.com/dd4e4483-3354-f1a8-7d94-ace5087552c0,https://sns-img-hw.xhscdn.com/324cde4b-2d8f-f13d-e6bd-52afe888183c,https://sns-img-hw.xhscdn.com/61a40aa7-fd8e-f896-ec9a-e3da7623b47f,https://sns-img-hw.xhscdn.com/af407dd9-58bf-252c-3c88-90e9517932af","北步园老火锅,老甘家小龙虾,小北茶馆,周末去哪儿,王源客厅狂欢,王源,唯爱王源,王源值得,宝藏男孩王源,重庆旅游,重庆,重庆打卡,重庆美食",1713149962923,https://www.xiaohongshu.com/explore/64708a1e00000000120332de
64689cc70000000027012440,normal,不看看这篇旅游攻略📑劝你不要来重庆耍❌,"踩不完‼️这个坑根本踩不完‼️
这次去重庆旅游踩了巨多坑
熬夜通宵整理避坑攻略📝
主打就是一个真诚❤️
不看看这篇，劝你真的不要来重庆🙅🙅
.
🌈推荐景点
解放碑 | 洪崖洞 | 来福士 | 弹子石老街 | 李子坝 | 长江索道 | 八一好吃街 | 山城步道 | 南山一棵树 | 涂鸦一条街 | 磁器口 | 鹅岭二厂
.
🌈5-7月天气
🌥5月平均温度：平均气温25-32℃左右
🌥6月平均温度：平均气温28-36℃左右
🌥7月平均温度：平均气温27-36℃左右
.
🌈路线推荐
⏰第一天：解放碑→八一好吃街→湖广会馆→洪崖洞→千厮门大桥
⏰第二天：鹅岭公园→鹅岭贰厂→李子坝→钟书阁→小北茶馆
⏰第三天：来福士→两江小渡→弹子石老街→南滨路
.
🌈省钱小TIPS
💰建议1：结伴出行可以平摊住宿、交通、餐食等费用
💰建议2：提前一个月定住宿和机票，往往能订到比较便宜的
💰建议3：吃东西可以先看看某团是不是有优惠活动
💰建议4：多留个心眼，不要被坑，这个是最省钱的法宝！
💰建议5：不要跟团！在重庆完全可以自由行
.
🌈吃货们必吃美食
🔥重庆的日常早餐就是小面，来重庆不能错过，默认是红汤，实在不能吃辣可以点清汤。
🔥一只酸奶牛经典紫糯米口味真的很绝，酸酸甜甜很适合走累了喝
🔥去了洪崖洞一定要吃藏在巷子里的 （戴家巷店），便宜又好吃，188元36道菜品全重庆没有第二家
🔥重庆小龙虾一定要选 ，没有之二！不能吃辣的点招牌蒜蓉，巴适得板
🔥复古感爆棚的 ，老式藤椅老式水壶，还有新式的特色甜品盖碗茶好看又好吃
🔥外皮金黄酥脆的军屯锅盔一定要尝，肉质鲜美多汁，一口下去外皮酥脆，馅料多汁
🔥玫瑰糍粑冰粉，满满一大碗用料很足，清清爽爽很解暑
🔥耙耙糯糯的降龙爪爪吸满了汤汁，入口一抿就化，喜欢鸡爪的宝子们一定不要错过
             
@小红书成长助手 @城市情报官 @薯队长 @生活薯 @走走薯",,1684577479000,1684577479000,5b9da3c66b58b7694b226684,火锅儿妹妹,https://sns-avatar-qc.xhscdn.com/avatar/63f0a92c67341b9f427b9503.jpg,42,23,0,5,,"https://sns-img-qc.xhscdn.com/466bde88-fc79-df20-d4d5-b77dd37d7dca,https://sns-img-qc.xhscdn.com/cd4a2a52-80e2-c066-81de-4228bd40387e,https://sns-img-qc.xhscdn.com/9d31f4fd-8833-66e7-83aa-537e1012185c,https://sns-img-qc.xhscdn.com/28546281-e84a-f986-b31e-f101828f2921,https://sns-img-qc.xhscdn.com/806001e3-6874-5848-f2df-b8774e807dff,https://sns-img-qc.xhscdn.com/13b7ae2b-175f-d8d4-460b-ce55170b73ba,https://sns-img-qc.xhscdn.com/59b3aa89-c8c9-2d7a-8511-390e7abab98c,https://sns-img-qc.xhscdn.com/b3b09e76-0c80-e9d2-7237-4af20a37e3a3,https://sns-img-qc.xhscdn.com/302eba2f-e882-9dd8-7d04-b8b646c81147","北步园老火锅,老甘家小龙虾,小北茶馆,周末去哪儿,重庆旅游,旅游攻略,旅游,洪崖洞,小众旅行地,小众景点,重庆美食,重庆探店,重庆火锅,毕业旅行,穷游,大学生,重庆",1713149962925,https://www.xiaohongshu.com/explore/64689cc70000000027012440
6464a62b000000000800d3a9,normal,5-8月来重庆旅游🌈这些你一定要知道‼️,"趁着最热🔥的夏天还没到，想来重庆的姐妹赶紧抓住机会吧✅，这段时间是真的很适合来重庆旅游哇😍😍
来了重庆哪些地方值得耍，哪些地方不值得耍，哪些地方值得吃，哪些地方不值得吃，已经给大家整明白啦💯
想来重庆的姐妹们不要犹豫啦❌❌
🐴住攻略🉐，赶紧冲‼️冲‼️冲‼️
.
🎀衣物穿搭🎀
👑5月份（22-35度）：薄外套、开衫、针织衫、小西装、衬衫、连衣裙／牛仔裤、短袖 T 恤
👑6月份（22-38度）：短袖 T 恤、长裙、连衣裙、短裙、 A 字裙、短裤、凉鞋
👑7月份（25-38度）：短袖 T 恤、夏季连衣裙、短裙、防晒衣、短裤、凉鞋
👑8月份（26-38度）：短袖 T 恤、吊带裙、短裙、防晒衣、短裤、凉鞋
.
🎀住宿指南🎀
🎏龙湖时代天街附近
🎏解放碑附近
🎏南滨路附近
🎏观音桥附近
.
🎀路线推荐🎀
🚖路线1：解放碑→长江索道→八一好吃街→洪崖洞→千厮门大桥
🚖路线2：李子坝→鹅岭二厂→鹅岭公园→罗中立美术馆→磁器口古镇
🚖路线3：山城步道→白象居→北仓文创园→观音桥好吃街→不夜九街
🚖路线4：涂鸦一条街→钟书阁→重庆动物园→弹子石老街→长江国际→南滨路
.
🎀景点预约🎀
📸洪崖洞： gzh ""洪崖洞""预约，也可以现场预约
📸湖广会馆： gzh ""重庆湖广会馆""进行预约购票
📸长江索道： gzh ""长江索道""预约，买往返票划算
📸罗中立美术馆： gzh ""四川美院美术馆""预约，周一闭馆
📸重庆园博园： gzh ""重庆园博园""预约，四季都有不同风景
📸三峡博物馆： gzh ""重庆中国三峡博物馆""预约，周一闭馆
📸人民大礼堂： gzh ""重庆市人民大礼堂""预约购票
.
🎀美食推荐🎀
🌈
🌈（戴家巷店）
🌈
🌈大坪拉丝凉糕
🌈朝天门盒饭/滑肉
#周末去哪儿              
@小红书成长助手 @城市情报官 @薯队长 @走走薯 @生活薯",,1684317739000,1684317740000,5b9da3c66b58b7694b226684,火锅儿妹妹,https://sns-avatar-qc.xhscdn.com/avatar/63f0a92c67341b9f427b9503.jpg,22,18,0,3,,"https://sns-img-hw.xhscdn.com/699f8417-6e98-46f2-d1ed-f52566342a8a,https://sns-img-hw.xhscdn.com/fb901102-5898-ccdc-7025-09a550b34e17,https://sns-img-hw.xhscdn.com/4668db65-5de1-615e-b188-116590d65594,https://sns-img-hw.xhscdn.com/f9c2b539-86aa-8389-5072-98979a3aaf35,https://sns-img-hw.xhscdn.com/d53db792-9880-6a29-6841-6760b00b902c,https://sns-img-hw.xhscdn.com/11b1918a-1f58-7e50-7909-75cf5eb66d03,https://sns-img-hw.xhscdn.com/fda56525-98d8-f70f-49c3-4fd3f2a2becc,https://sns-img-hw.xhscdn.com/7af62b90-a4a1-8529-6d92-74c948d1ab32,https://sns-img-hw.xhscdn.com/73bfdfa7-36d8-bd29-2c75-10db585a68f3","重庆旅游,旅游,重庆拍照,重庆打卡,重庆旅行,旅游攻略,穷游,火锅,毕业旅行,重庆小众拍照地,重庆美食,重庆小吃,重庆探店,小北茶馆,北步园老火锅,重庆,老甘家小龙虾",1713149962926,https://www.xiaohongshu.com/explore/6464a62b000000000800d3a9
6463562f0000000012033904,normal,懒人必备的重庆旅游攻略㊙️巨省心‼️‼️,"巨省心的重庆旅游攻略给大家安排上啦✌
夏天来重庆耍，不花冤枉钱‼️不走冤枉路‼️明明白白一篇全搞定✅
需要的宝子🐴上直接抄作业哦💯💯
.
💥住宿推荐
💒解放碑﹣﹣便利快捷
💒沙坪坝﹣﹣穷游首选
💒南滨路﹣﹣江景首选
💒观音桥﹣﹣吃货首选
.
💥旅游路线
🌈第一天：解放碑→八一好吃街→来福士→洪崖洞→千厮门大桥
🌈第二天：罗中立美术馆→磁器口→轻轨李子坝→鹅岭二厂→鹅岭公园
🌈第三天：小北茶馆→观音桥步行街→观音桥好吃街→北仓文创街区→九街
🌈第四天：白象居→山城步道→长江索道→龙门浩老街→弹子石老街
.
💥必打卡景点
💕洪崖洞：重庆现实版的《千与千寻》，夜景绝美超出片
💕解放碑：重庆中心商圈，来重庆必打卡地之一
💕八一好吃街：吃货必打卡的美食街，超多重庆特色小吃
💕鹅岭二厂：文艺青年来重庆打卡地之一，拍照超级出片
💕两江小渡：10元就可以乘坐游轮看江景，风景绝美
💕李子坝轻轨站：体验魔幻8D重庆的轻轨穿楼
💕磁器口古镇：重庆千年古镇，感受重庆的市井烟火气
💕弹子石老街：传统与现代结合的街区，亮灯后绝美
.
💥必带物品
🌵证件类：身份证、学生证、驾驶证等
🌵电器类：相机、自拍杆、充电宝、蓝牙耳机
🌵衣物类：当季衣物，一次性内衣裤、一件厚外套
🌵日用品：水乳、面膜、防晒霜、卸妆水、化妆品、湿巾
🌵防晒用品：遮阳帽、防晒霜、墨镜、冰袖等
⚠️温馨提示：一定要穿平底鞋哟
.
💥避雷指南
❌不要忘记查看天气直接出发
❌ 不要到了重庆才想起预定酒店
❌不要太过于依赖导航
❌不要为了看夜景壹华里和一棵树
❌不要去坐价格参差不齐的两江游
❌不要穿的太花去涂鸦一条街
❌不要买金西梅，颜色都是色素染出来的
❌不要买冒烟冰淇淋，液氮易让人受伤
.
💥必吃美食
✅
✅胡记蹄花汤
✅
✅
✅大坪拉丝凉糕
✅老来福酸汤兔
✅九九豆花馆
#周末去哪儿           
@小红书成长助手@城市情报官  @薯队长 @生活薯 @走走薯",,1684231727000,1684231727000,5b9da3c66b58b7694b226684,火锅儿妹妹,https://sns-avatar-qc.xhscdn.com/avatar/63f0a92c67341b9f427b9503.jpg,54,45,1,13,,"https://sns-img-hw.xhscdn.com/4e41f7ab-742e-1c01-04d4-93beccaaef51,https://sns-img-hw.xhscdn.com/f98a21d5-f799-e6be-be0e-5851b1b40039,https://sns-img-hw.xhscdn.com/ea7cbb53-5d41-fae3-e891-d9c0f19966bd,https://sns-img-hw.xhscdn.com/be8d5276-3b13-ab51-411b-04e28df0f0d7,https://sns-img-hw.xhscdn.com/9f024cbf-45fa-3046-3bc9-48062a1a127e,https://sns-img-hw.xhscdn.com/d3a20b28-9012-181d-2627-f7135766438d,https://sns-img-hw.xhscdn.com/f7340213-1c46-4cd0-18cc-849815374391,https://sns-img-hw.xhscdn.com/8f00aebb-e750-890e-6cb1-50a6663871b0,https://sns-img-hw.xhscdn.com/4c2d32b6-3034-41c0-2c9e-401d67c7239b","北步园老火锅戴家巷店,老甘家小龙虾,小北茶馆,重庆旅游,旅游攻略,旅游,重庆拍照,重庆打卡,重庆老火锅,毕业季,穷游,毕业旅行,重庆旅行,重庆",1713149962928,https://www.xiaohongshu.com/explore/6463562f0000000012033904
64620331000000000703aa4c,normal,写给即将来重庆旅游的外地姐妹👭巨走心❤,"五一在重庆玩了十来天，后劲实在太大了😂，回来好几天像失恋一样，真的太爱这个地方了💓
姐妹们👭，听我说‼️趁现在五一刚结束，人流量下来了，天气也不算太热，赶紧去重庆玩吧，你一定会爱上的‼️
连夜总结出了攻略，需要的姐妹赶紧🐴住，靠谱得很💯
.
✨三日游最佳路线安排✨
.
🌵DAY1：解放碑→八一好吃街→长江索道→白象居→洪崖洞→北步园老火锅
🌵DAY2：小北茶馆→鹅岭二厂→李子坝轻轨站→涂鸦一条街→钟书阁
🌵DAY3：观音桥→观音桥好吃街→北仓文创园→老甘家小龙虾→九街
🌵DAY4：白公馆→磁器口→罗中立美术馆→返程
.
✨本地人建议的最佳住宿地✨
.
🌷解放碑交通出行方便，住宿首选
🌷观音桥感受夜生活首选，本地人长驻商圈
🌷南滨路欣赏夜景，江边美景
🌷沙坪坝学生党首选，价格最低
.
✨本地人的日常美食安利✨
.
🌻：洪崖洞附近很多年的火锅老店，锅底越吃越香，正宗市井老火锅，还可以避免打挤get洪崖洞隐藏机位哦！
🌻：挑挑肥肠、挑挑豆腐脑、挑挑酸辣粉、挑挑烧白等，都是老重庆的味道，不一定每天都能买到，摆摊时间地方不固定，只能碰运气，豆腐脑一定要吃辣的，
🌻：观音桥附近的地道小龙虾馆，这家店的小龙虾堪称一绝，可称之为重庆小龙虾的代表～
🌻：戴家巷巷子里的老茶馆，老式的藤椅，老式的茶壶，童年的小吃熨斗糕三角粑，情怀感爆棚～
🌻：七块钱的糯叽叽真的很绝！夏天一定要多冰多加黄豆面～
🌻：重庆为数不多不辣还好吃的美食，兔肉巨嫩滑，汤也不会很酸，份量很足
🌻：王源同款家常菜馆，味道很正
               
@小红书成长助手 @城市情报官 @薯队长 @生活薯 @走走薯",,1684144945000,1684144945000,5b9da3c66b58b7694b226684,火锅儿妹妹,https://sns-avatar-qc.xhscdn.com/avatar/63f0a92c67341b9f427b9503.jpg,14,2,0,1,,"https://sns-img-hw.xhscdn.com/af1dcc61-1d82-3a11-57e4-2a3944e68305,https://sns-img-hw.xhscdn.com/6ee68ed5-9d75-f34d-fc92-693436d6a8db,https://sns-img-hw.xhscdn.com/86eb0f49-5e88-4f82-6fbd-7bf804c29625,https://sns-img-hw.xhscdn.com/119196dd-f1f4-492e-aeba-87636ce11711,https://sns-img-hw.xhscdn.com/fb478a1e-2e1e-8163-3e3c-bb53ae159486,https://sns-img-hw.xhscdn.com/700f0eff-5d15-240f-8006-0887dbf3d176,https://sns-img-hw.xhscdn.com/089cfb93-3255-37f1-d035-396eeb9a4c5f,https://sns-img-hw.xhscdn.com/ad505766-e48e-80ca-b765-e93e6200aeb4,https://sns-img-hw.xhscdn.com/af50c55c-0f93-0ed9-b9da-37729a635b5a","周末去哪儿,重庆,重庆旅游,重庆火锅,旅游,重庆拍照,重庆打卡,重庆旅行,旅游攻略,毕业季,穷游,火锅,重庆小众拍照地,重庆探店,重庆美食,重庆小吃,北步园老火锅,老来福酸汤兔,大坪拉丝凉糕,挑挑系列,老甘家小龙虾,小北茶馆,九九豆花馆",1713149962929,https://www.xiaohongshu.com/explore/64620331000000000703aa4c
645629930000000013006d20,normal,特种兵一定要收藏的毕业旅行攻略🉑重庆版,"刚刚过了五一假期🏝，还没玩过瘾和还没出发的姐妹们👭，马上毕业季一定要给自己青春的结尾安排一场记忆深刻的旅行呀📸
所以，去哪里呢？
重庆当然是第一选择啦！极具特色的山城文化‼️两江四岸的夜景‼️好吃不贵的美食，热情纯朴的雾都人民‼️去了绝不会后悔哒‼️‼️
攻略已备好，随时准备出发吧✈️✈️✈️
.
💮💮出行注意事项💮💮
🌀轨道出行：首选轻轨，各个景点直达。
（运营时间：6:30-23:00，票价：2-7元。）
🌀公交出行：“重庆公共交通码”
（ wx 或者 zfb 都可以搜索申请）
🌀必备物品：防晒衣、平底鞋、太阳镜、雨伞
.
💮💮化妆须知💮💮
🎀轻薄！如果化浓妆很容易花妆，重庆的夏天不存在不流汗
🎀定妆！一定要定的服服帖帖，严丝合缝
🎀防晒！防晒一定要安排的明明白白，除了脸上，手臂以及裸露的皮肤最好是也安排上，避免晒伤
.
💮💮如何到达市中心💮💮
⏰江北机场﹣-﹣解放碑
（10号线转2号线，临江门站下）
⏰重庆北站﹣﹣解放碑
（10号线转2号线，临江门站下）
⏰重庆西站﹣-﹣解放碑
（5号线转1号线转2号线，临江门站下）
⏰沙坪坝站﹣-﹣解放碑
（1号线转2号线，临江门站下）
.
💮💮本地好吃狗才知道的宝藏美食💮💮
💥渝中区
▪️ （洪崖洞）🔥
▪️梯坎面（大礼堂）
▪️ （洪崖洞）🔥
▪️老来福酸汤兔（解放碑凯旋路）
💥江北区
▪️ 江湖菜（观音桥）🔥
▪️小苑老院子肥肠鸡（观音桥）
▪️黑松林花椒鸡（铁山坪）
💥渝北区
▪️人和水上漂（大竹林）🔥
▪️凤竹鸡杂（大竹林）
▪️茅溪菜（渝北总店）
💥沙坪坝区
▪️老太婆肥肠蹄花汤（重庆大学附近）
▪️梯坎肥肠（科园六路）🔥
▪️大牛串串香（马王场）
💥大渡口区
▪️东吴霸王兔（大渡口公园）🔥
▪️鑫足拜哥牛肉面（大渡口公园）
▪️情缘饭店（油府路）
💥南岸区
▪️魏蹄花（弹子石）
▪️回龙老砂锅（回龙湾）
▪️翠竹串串香老火锅（南坪）🔥
        #
@小红书成长助手 @薯队长 @走走薯",,1683368339000,1683368340000,5b9da3c66b58b7694b226684,火锅儿妹妹,https://sns-avatar-qc.xhscdn.com/avatar/63f0a92c67341b9f427b9503.jpg,15,9,0,3,,"https://sns-img-hw.xhscdn.com/1efef6c8-3ea5-ea1f-0fd7-4ec1c3e00edc,https://sns-img-hw.xhscdn.com/61a69c6f-38ec-1fe0-6800-380a26e894f3,https://sns-img-hw.xhscdn.com/9f3085cf-c69d-b35b-25ca-7c18c3a9bf3a,https://sns-img-hw.xhscdn.com/adeeeda5-a07c-8fd2-acce-99a93bfe4f3d,https://sns-img-hw.xhscdn.com/62f86ff6-552b-2de7-49c7-63e468c521ca,https://sns-img-hw.xhscdn.com/1f5ddc9e-e02d-74a3-36ab-bd312a10e1c0,https://sns-img-hw.xhscdn.com/06f89823-5f53-c190-c940-b76611c5ed80,https://sns-img-hw.xhscdn.com/f393851d-0bde-de80-ffb9-f554f4dbd220,https://sns-img-hw.xhscdn.com/fb407b5b-8260-923f-32a9-864c4d6018a8","北步园老火锅,小北茶馆,老甘家小龙虾,周末去哪儿,重庆,重庆旅行,旅行攻略,旅行,重庆拍照,重庆打卡,重庆老火锅,特种兵旅游",1713149962930,https://www.xiaohongshu.com/explore/645629930000000013006d20
6453827f0000000027000c41,normal,重庆生活26年的本地人总结出来的旅游攻略,"重庆真的太太太太好耍了❤️，我愿将它称之为中国旅游城市之最🔝，在这生活了26年，对于重庆旅游我有一些经验和建议，希望可以帮大家少踩一些雷💣
去之前一定要认真看看哦，可以避免95％的坑💯
.
🐻🐻5月重庆天气及穿搭
🌵5月份在27-29度左右，适合带短袖加外套、天晴穿短袖即可，但只要一下雨温差就特别大！
🌵来重庆一定要穿双平底鞋，想拍照的姐妹可以包里面带双高跟鞋
.
🐻🐻重庆住宿选择
🌷 交通出行方便，住宿首选
🌷  感受夜生活首选，本地人长驻商圈
🌷 欣赏夜景，江边美景
🌷 学生党首选，价格最低
.
🐻🐻关于重庆的行程
🌴重庆是一个很适合自由行的城市，没有必要跟团，路线只作为参考，具体的还是要根据自身行程规划，可以每天安排一个区的景点游玩～
🌴看夜景可以去鹅岭二厂或者南山一棵树，都很美～鹅岭最近，交通也方便，适合近距离观看，南山一棵树是远眺，有不一样的味道
.
🐻🐻重庆美食有哪些
🌻火锅：选本地人吃的准没错，如北步园老火锅
🌻小面：梯坎面、板凳面、花市碗杂面
🌻小吃：一只酸奶牛、山城小汤圆、锅巴洋芋、降龙爪爪、玫瑰糍粑冰粉等
🌻江湖菜：老甘家小龙虾
🌻茶馆：小北茶馆
.
🐻🐻出行必备
🍄证件：身份证、学生证
🍄电器：充电器、充电宝、相机、耳机
🍄穿搭：外套、防晒衣、伞、睡衣、平底鞋
🍄护肤化妆品：防晒、面膜、水乳霜、洗面巾、卸妆水、牙刷牙膏等
.
🐻🐻不可错过的美食
🌟 ：环境偏复古，菜品新鲜，荤素都有，种类多，可以吃不同的菜~
🌟 ：年代的老居民楼天井里，坐着竹椅，盖碗茶种类多，小吃丰富又不贵！
🌟 ：豆花配上小碗菜，十足下饭，烧椒的更下饭！
🌟 ：外脆，里面是沙沙的，很入味
🌟 ：份量感人味道巨赞，连续三年上必吃榜，常年排队爆满，记得早去～
         
@小红书成长助手 @城市情报官 @薯队长 @生活薯 @走走薯",,1683194495000,1683194496000,5b9da3c66b58b7694b226684,火锅儿妹妹,https://sns-avatar-qc.xhscdn.com/avatar/63f0a92c67341b9f427b9503.jpg,67,55,1,16,,"https://sns-img-hw.xhscdn.com/e704b9ec-f5c0-2cd1-430a-9ba30530aff0,https://sns-img-hw.xhscdn.com/533b6807-5952-806a-d629-cc32756e5c45,https://sns-img-hw.xhscdn.com/194e09f1-4660-ee49-252d-26e7dbc7dd64,https://sns-img-hw.xhscdn.com/135ea73b-85ff-c5d8-004f-b4d152782f6c,https://sns-img-hw.xhscdn.com/4f92e84f-b8c7-82b2-857f-6758fc50c8e6,https://sns-img-hw.xhscdn.com/789903e9-7fa5-b882-9b31-d1e522704f6e,https://sns-img-hw.xhscdn.com/0ac8c25a-6771-716b-058a-41f95e8ffae3,https://sns-img-hw.xhscdn.com/4a4667d3-f879-c0af-3ffa-93e6e0cd78d1,https://sns-img-hw.xhscdn.com/ca3020d6-8248-c4fb-6735-d6263faf7ced","解放碑,观音桥,南滨路,沙坪坝,北步园老火锅,小北茶馆,豆花,锅巴洋芋,老甘家小龙虾,周末去哪儿,毕业旅行,毕业季,重庆旅游,旅游攻略,旅游,重庆打卡,重庆美食,火锅,重庆",1713149962931,https://www.xiaohongshu.com/explore/6453827f0000000027000c41
644a4d8b000000002700169e,normal,大学生特种兵旅游第一站之重庆🚠超实用❗,"太感谢姐妹的投稿啦💕！
外地的学生党妹妹去了重庆旅游，回来后立马私信我📮，给我发了篇攻略📝，真的太有参考性了‼️让我这个本地土生土长的旅游博主都自愧不如啊😰😰
看见的姐妹们一定要收藏起来，这篇攻略真的很实用💯
.
⭕️重庆各区热门景点
🚕渝中区：长江索道、解放碑、洪崖洞、鹅岭二厂、李子坝、怀旧轮渡、八一好吃街
🚕南岸区：南山一棵树、壹华里夜景公园、长江国际、龙门浩老街、弹子石老街
🚕沙坪坝区：磁器口、罗中立美术馆、渣滓洞、白公馆
🚕九龙坡区：涂鸦一条街、铁路四村、钟书阁、军哥书屋
🚕江北区：观音桥步行街／好吃街、九街、鸿恩寺公园、北仓文创园
🚕渝北区：欢乐谷、中央公园、照母山森林公园
.
⭕️重庆穿搭建议
👔总体穿搭：根据天气准备，不要忘了保暖，随身带个外套～
👔辣妹风：辣妹装、吊带裙、短裙、连衣裙、汉服（可租借）
👔文艺风：白色长裙、纯色棉麻，蓝色、米黄等衣服
👔小清新：浅色／白色／淡蓝／浅色条纹或格子
👔鞋子：运动鞋／平底鞋在重庆真可以称为保命装备，为了拍照的姐妹可以在包里装一双高跟鞋～
.
⭕️重庆景点预约
✅洪崖洞：搜索""洪崖洞""然后在官方小程序上预约
✅长江索道：搜索""重庆索道公司"" gzh 选择搭乘站点预约
✅湖广会馆：搜索""重庆湖广会馆"" gzh 按照要求填写信息
✅三峡博物馆：搜索""三峡博物馆参观预约"" gzh 预约
✅磁器口古镇：搜索""重庆磁器口"" gzh 完成预约
✅罗中立美术馆：搜索""四川美术学院美术馆"" gzh 完成预约
✅南山一棵树：搜索""重庆南山植物园"" gzh 预约购票
.
⭕️重庆美食
🔥 ：95％的重庆土著都吃过，这家江湖菜只有这么正了，小龙虾更是一绝～
🔥 ：巷子里的宝藏老火锅，传统牛油锅底超正宗，价格也实惠～
🔥 ：一边喝盖碗茶一边吃童年小吃，真的超有情怀～
#周末去哪儿            
@小红书成长助手 @城市情报官 @薯队长 @生活薯 @走走薯",,1682591115000,1682591116000,5b9da3c66b58b7694b226684,火锅儿妹妹,https://sns-avatar-qc.xhscdn.com/avatar/63f0a92c67341b9f427b9503.jpg,12,10,0,5,,"https://sns-img-bd.xhscdn.com/29b5dd2b-c430-9d22-8e7c-a93f261e5a69,https://sns-img-bd.xhscdn.com/dd63e4de-0ac3-527b-5ac6-9d35b96e814b,https://sns-img-bd.xhscdn.com/c052d03d-4226-ac8b-2b85-0de81869253b,https://sns-img-bd.xhscdn.com/f99c0f0c-c44e-ba80-66c1-4bfc2a689992,https://sns-img-bd.xhscdn.com/98446aad-c551-2e06-8db5-d3392d579bae,https://sns-img-bd.xhscdn.com/91ecc59e-0721-8ba1-9846-2b5ddfd651fc,https://sns-img-bd.xhscdn.com/8d2afd1a-f559-01e1-777c-e03893763ad6,https://sns-img-bd.xhscdn.com/5dd01c2a-7e9a-74e9-c22f-e565b91d1f84,https://sns-img-bd.xhscdn.com/70bfbbc5-0af2-3a3f-fcd9-b432127ac4aa","老甘家小龙虾,北步园老火锅,小北茶馆,五一去哪儿玩,五一去野吧,重庆,重庆旅游,我的毕业旅行,学生党,穷游,大学生旅游,特种兵大学生,旅游攻略,旅游,重庆老火锅,重庆美食",1713149962933,https://www.xiaohongshu.com/explore/644a4d8b000000002700169e
6449f91900000000140260ff,normal,大胆一点‼️不出重庆说走就走的旅行❤️,"大胆一点！不出重庆，周末就可来场说走就走的旅行‼️超级干货✅超全版本✅
这里给大家整理了重庆周边区县的车票💰景点📸及美食🍗，挑个好天气就可随时出发啦✌
.
🔶重庆北一合川
景点：钓鱼城、文峰古街、涞滩古镇
美食：少水粉、合川米粉、合川桃片
.
🔷重庆北一长寿
景点：长寿湖、三道拐、长寿缆车
美食：长寿米粉、肥肠饭
.
🔶重庆北﹣涪陵
景点：武陵山大裂谷、洋人街、816核工程
美食：涪陵烧烤、热油豆花饭、砂锅米线
.
🔷重庆西﹣永川
景点：松溉古镇、茶山竹海、野生动物世界
美食：汤香耗儿鱼、鸡哈豆花、无刺鱼庄
.
🔶重庆北﹣潼南
景点：双江古镇、潼南大佛寺、卧佛寺
美食：太安鱼、千层麻花、潼南凉粉
.
🔷重庆北一丰都
景点：丰都鬼城、名山景区、南天湖
美食：丰都麻辣鸡、胡辣壳抄手、撅粑
.
🔶重庆北一万州
景点：万州大瀑布、南滨公园、天生城
美食：万州烤鱼、小火锅、万州格格、凉面
.
🔷重庆北一大足
景点：大足石刻、昌州古城、龙水湖
美食：丁家坡洋芋、兔火锅、冲冲糕、邮亭鲫鱼
.
🔶重庆北﹣武隆
景点：武隆天坑三桥、仙女山、犀牛古寨
美食：武隆王烧烤、碗碗羊肉、羊角豆干
.
🔷重庆北﹣酉阳
景点：桃花源、龚滩古镇、乌江画廊
美食：苗家腊味白米粉、锅巴洋芋饭
.
🔶重庆北﹣彭水
景点：蚩尤九黎城、阿依河漂流、摩围山
美食：鸡杂绿豆粉、嘟卷子、大脚菌肉片汤
.
🔷重庆一秀山
景点：边城洪安、打捞寨、川河盖
美食：米豆腐、糯米锅巴、油粑粑、麻辣烫
.
🔶重庆一巫山
景点：三峡云巅、神女峰、文峰景区
美食：巫山菜包子、纸包鱼、洋芋丝粑粑
.
🔷重庆一奉节
景点：三峡之巅、三峡原乡、白帝城夔门
美食：搭搭面、烧腊灌饼、鹽子鸡、传统小火锅
.
🔶重庆一石柱
景点：万寿古寨、千野草场、黄水
美食：都粑、斑鸠叶豆腐、菌菇汤、花甲洋芋片
.
🔷主城美食安利
🔥  人均88
🔥  人均78
🔥 人均9.9
        
@小红书成长助手 @薯队长",,1682569498000,1682569498000,5b9da3c66b58b7694b226684,火锅儿妹妹,https://sns-avatar-qc.xhscdn.com/avatar/63f0a92c67341b9f427b9503.jpg,9,10,0,10,,"https://sns-img-qc.xhscdn.com/cd49f1da-4c1a-11fc-f6fa-84bb49844af6,https://sns-img-qc.xhscdn.com/6022e9c1-7207-407f-f94b-3ad07c297252,https://sns-img-qc.xhscdn.com/bf1508d5-6992-f14b-3a86-37c5c530eaf7,https://sns-img-qc.xhscdn.com/c4d800f2-c526-3c38-75de-eec79ae9f743,https://sns-img-qc.xhscdn.com/4a13e67d-de15-6132-ca31-d89ef35b9079,https://sns-img-qc.xhscdn.com/f970ddff-6388-76f2-1a1e-646af916f120,https://sns-img-qc.xhscdn.com/5cd8c193-dbb3-0247-028c-9909ff281e46,https://sns-img-qc.xhscdn.com/9ff3e1bc-5e8b-bcb7-0d41-fbedb6288e8b,https://sns-img-qc.xhscdn.com/92b6e446-3a5a-b640-5cfc-3a70cb5063b5","老甘家小龙虾,北步园老火锅,小北茶馆,周末去哪儿,五一去哪玩,五一去野吧,重庆旅行,重庆拍照,重庆打卡,重庆旅游,重庆美食,重庆探店,重庆",1713149962934,https://www.xiaohongshu.com/explore/6449f91900000000140260ff
6448f6ab00000000130376e2,normal,适合穷游的9大城市🔥800拿下重庆旅游✌,"想去旅游的学生党、上班族看看👀，真的太想去重庆旅游了，决定五一节就出发✈️，
学生党三天两夜全包🉑800元拿下全程💯
.
👭行前必备👭
📎【证件】：身份证、学生证、驾驶证、健康码
📎【日用品】：雨伞、口罩、消毒湿巾、防晒
📎【药品】：肠胃药、感冒药、晕车药、创可贴
📎【乘车码】：在 zfb 或者在 wx 上搜索""重庆公共交通乘车码""领取乘车码，公交、轻轨都能用
.
👭重庆穷游省钱技巧👭
💯提前订住宿和车票，价格会便宜很多，学生党穷游党就选择沙坪坝或者轻轨站附近的民宿，不要选择商圈附近的！
💯买机票可以看看各大航空会员日，多在官网上刷刷特价票，看见便宜的就直接下单
💯尽量不要在景区里面吃饭，价格贵而且味道也不行，去巷子里面吃便宜又实惠
.
👭免费打卡景点👭
🔥 ：多位明星的重庆打卡地，是重庆的居民楼
🔥 ：重庆梯坎文化的主要体现地，建议四点后到达
🔥 ：连接上下城的十八梯，是重庆人记忆中的烟火气息
🔥 ：在长江国际对面，水位低的时候这里拍照超级好看
🔥 ：少年们梦想起航的地方，18楼女孩必去
🔥 ： get小张和丁儿同款千厮门大桥合体照
🔥 ：重庆夜景超绝的机位，《从全世界路过》拍摄地
🔥 ：重庆的夜景名片，像现实版的千与千寻汤屋
🔥 ：位于长江边上，有斑驳的墙面与交叉的火车轨道
🔥 ：外表赛博朋克风的重庆新晋地标性建筑物
.
👭性价比超高的美食👭
🥘 ：敖瑞鹏、高光伟等多个明星打卡的地道老茶馆～
🥘 ：重庆当之无愧第一的小龙虾，江湖菜也很绝哦～
（戴家巷店）：洪崖洞江景地道老火锅，味道巴适得很～
               @小红书成长助手 @城市情报官 @薯队长",,1682503339000,1682503340000,5b9da3c66b58b7694b226684,火锅儿妹妹,https://sns-avatar-qc.xhscdn.com/avatar/63f0a92c67341b9f427b9503.jpg,15,7,0,2,,"https://sns-img-bd.xhscdn.com/e56b5017-89fd-5f2d-1b30-bbf4d7a02ced,https://sns-img-bd.xhscdn.com/0f2f6dd0-c44f-646b-4d59-aeac506d0d21,https://sns-img-bd.xhscdn.com/46cdc054-7f47-343c-e961-46e60089cb43,https://sns-img-bd.xhscdn.com/e74c339e-b7bf-c846-a01b-f0ee5ed7e072,https://sns-img-bd.xhscdn.com/f4f715c9-d9e7-aa03-3b45-e6abb455d21e,https://sns-img-bd.xhscdn.com/a7c2a9a2-0904-39a5-6495-7c05d3ec0150,https://sns-img-bd.xhscdn.com/a0237339-d7b0-166c-b185-bb2e282cea14,https://sns-img-bd.xhscdn.com/85566ab0-cf6b-fee0-450c-2735fb883c9b,https://sns-img-bd.xhscdn.com/c6d6f0ca-05af-f185-dd49-75bf41831610","白象居,山城巷,重庆十八梯,南滨路,长江国际,千厮门大桥,鹅岭二厂,洪崖洞,铁路四村,重庆来福士,小北茶馆,老甘家小龙虾,周末去哪儿,五一去哪玩,不出远门过五一,大学生,学生党穷游,学生党旅游,毕业季,重庆,重庆旅游,穷游,旅游,重庆拍照,旅游攻略,火锅,北步园老火锅",1713149962935,https://www.xiaohongshu.com/explore/6448f6ab00000000130376e2
6445020c0000000013014e70,normal,来重庆的姐妹👭本地人实在看不下去了😡,"重庆明明是个消费很低遍地美食的城市✨，偏偏有的不良商家老是欺负第一次来的外地人💔，本地人实在看不下去啦😡😡！真的很心痛，谁懂啊‼️‼️
这篇攻略赶紧码住，本地人绝不允许你踩坑🙅🙅🙅
.
⚠️⚠️抵达重庆交通指南
✈️机场：重庆江北国际机场，目前主要运营有两个航站楼：T2航站楼、T3航站楼。
🚇重庆北站：分为北广场和南广场，轨道交通3号线、环线和10号线直达南广场，北广场地铁4号线和10号线直达。
🚇重庆西站：是中国西部最大客运枢纽系统，地铁环线直达，指示牌完善，可以轻松找到地铁、公交、打车的地点。
🚇重庆沙坪坝站：重庆高铁站，最方便的站点，一出来就在市区，但是班次较少。
.
⚠️⚠️抵达重庆后如何去主城
🚎江北机场一解放碑：乘坐机场快线K01路，15元／人
🚎重庆北站一解放碑：乘坐高铁快线G04路，10元／人
🚎重庆西站一解放碑：乘坐高铁快线G01路，15元／人
.
⚠️⚠️重庆市内交通
🚉地铁：是大部分旅游出行的选择，票价2-7元不等，方便不堵车
🚃公交：上下车2元，旅游不推荐，站点与景点间距离远，易堵车
🚕出租车：本地人称托儿车，起步价10元，推荐
🚗网约车：价格比出租车便宜，但要在正规平台叫车，注意安全
.
⚠️⚠️重庆住宿
🏘 附近：到热门景点都很近，比洪崖洞、长江索道等，出行便捷，但是住宿价格偏贵，可以考虑民宿
🏘 附近：地处繁华地段，交通便利，附近景点有观音桥步行街，九街等，常适合年轻人
🏘 附近：住宿价格都很低，性价比高，唯一的缺点就是离看夜景的地方特别远
🏘 附近：适合看夜景，但节假自还是避开吧，价格贵
.
⚠️⚠️重庆美食
🔥 ：相信95％的重庆土著都吃过，这家江湖菜只有这么正了，小龙虾更是一绝～
🔥 ：巷子里的宝藏老火锅，传统牛油锅底超正宗，价格也实惠～
🔥 ：一边喝盖碗茶一边吃童年小吃，真的超有情怀～
🔥 ：没吃过街边的小面不要说你来过重庆，重庆人的每日早餐，吃完舒服一整天～
      @小红书成长助手 @薯队长",,1682244108000,1682244109000,5b9da3c66b58b7694b226684,火锅儿妹妹,https://sns-avatar-qc.xhscdn.com/avatar/63f0a92c67341b9f427b9503.jpg,17,11,0,5,,"https://sns-img-hw.xhscdn.com/d8d81ba5-aafb-09be-a5a0-681cbb87b7ff,https://sns-img-hw.xhscdn.com/31051c72-b602-fdec-5507-8bd198c7deb6,https://sns-img-hw.xhscdn.com/19fa1a04-8d31-68ee-011c-0d20844d9bdc,https://sns-img-hw.xhscdn.com/187bd613-5471-013e-34ec-c1afb0576546,https://sns-img-hw.xhscdn.com/d80010ce-49f4-6cf4-7b59-608f68f3eca9,https://sns-img-hw.xhscdn.com/9c4a5f75-e9d1-5e92-4d94-5bc51b7c24b1,https://sns-img-hw.xhscdn.com/15754662-43d2-2992-7b43-84e1ccc728e9,https://sns-img-hw.xhscdn.com/a0820400-5078-2ff6-75de-0692fd30e7d6,https://sns-img-hw.xhscdn.com/bf0594e4-4db4-34f8-bbbe-282f4833adca","解放碑,观音桥,沙坪坝,南滨路,老甘家小龙虾,北步园老火锅,小北茶馆,重庆小面,周末去哪儿,五一去哪玩,重庆拍照,重庆旅游,重庆旅行,重庆",1713149962936,https://www.xiaohongshu.com/explore/6445020c0000000013014e70
6442645d0000000027001543,normal,愿每个去重庆的姐妹👯都能刷到这篇🙏,"刚从重庆旅游回来，踩了太多坑🕳，用亲身经历总结出了一份保姆级攻略㊙️，真心希望能够帮到姐妹们在五一来重庆避个雷🙏🙏
建议先🐴后看👀，不怕找不到❤️
.
⚠️来重庆要注意啥？
💠乘坐高铁抵达，首选重庆北站，北站离解放碑、观音桥等商圈更近
💠五一假期期间，酒店和车票一定要提前预定
💠重庆的景点比较集中，大部分不要门票，不需要跟团游
💠对重庆不熟不建议自驾游，路况复杂，节假日人多，停车困难，堵车也严重
.
🌟来了重庆住哪里？
✔️解放碑：距离景点最近，多数人的选择
✔️南滨路：欣赏重庆夜景，情侣浪漫约会
✔️观音桥：有更高性价比，年轻夜猫子来
✔️沙坪坝：出站就是商圈，但离景点较远
.
🌟怎么出行最方便？
🚗重庆出行首选轻轨，重庆的轨道交通十分的发达，可以到达大部分的景点
🚗公交车比较的堵，不推荐乘坐公交车出行
🚗重庆的出租车一定要认准黄色“法拉利”，在非常赶时间的时候可以试试出租车，一般都能准时送达
.
🌟最佳路线怎么选？
🌈Day1：———————
🌈Day2：———————
🌈Day3：（中迪广场）————
.
🌟地道美食吃哪样？
📣 ：本地人一致认可的地道老火锅，藏在洪崖洞旁的小巷子里，牛油味道淳厚，甜品超多～是重庆火锅的不二之选
📣 ：他家的小龙虾为镇店之宝，宝子们一定要冲冲冲！招牌铁山坪麻麻鸡、秋秋妹耙凤爪一抿就脱骨，安逸得板
📣 ：具有巴渝特色的小茶馆超有格调，在这里可以点杯盖碗菜坐一下午，还有各种童年小吃，情怀满满～
        @小红书成长助手",,1682072669000,1682072670000,5b9da3c66b58b7694b226684,火锅儿妹妹,https://sns-avatar-qc.xhscdn.com/avatar/63f0a92c67341b9f427b9503.jpg,1468,1466,146,484,,"https://sns-img-hw.xhscdn.com/ad6ea151-c0ae-11e2-ea84-5ee44bc5cf42,https://sns-img-hw.xhscdn.com/490d29e5-f1ed-61eb-8632-a1b7ff9031f3,https://sns-img-hw.xhscdn.com/103873c2-4564-2991-2b4f-ea5a589b5179,https://sns-img-hw.xhscdn.com/653972b8-8cfe-e713-96a1-c0afc5209c1f,https://sns-img-hw.xhscdn.com/924ca5e9-0205-9b1e-a125-208b38bceeeb,https://sns-img-hw.xhscdn.com/b93fad7e-d4f3-892b-7581-ea388ec60d94,https://sns-img-hw.xhscdn.com/b8fea97c-3a35-d600-8665-758f24e42de3,https://sns-img-hw.xhscdn.com/96131d4f-5c3b-9577-dce2-1ff8d51216ed,https://sns-img-hw.xhscdn.com/ad7c88e0-ec3b-1697-d281-c8d039750c87","北步园老火锅,老甘家小龙虾,小北茶馆,重庆,重庆旅游,重庆拍照,重庆打卡,重庆探店,重庆旅行,旅游攻略,五一去哪玩,四川美术学院黄角坪校区,国泰艺术中心,弹子石老街,解放碑,十八梯,鹅岭二厂,交通茶馆,磁器口,千厮门大桥,钟书阁,九街,山城步道,洪崖洞,南滨路,轻轨李子坝站,北仓文创街区,皇冠大扶梯,八一好吃街",1713149962937,https://www.xiaohongshu.com/explore/6442645d0000000027001543
64410d980000000013009531,normal,重庆旅游吃什么🍭土著才懂的地道美食🉑,"🌈马上就是五一节了💕，第一次来重庆的姐妹们来重庆该吃什么好吃的呢🤔还不知道的话赶紧看看这篇喔👀，✔️该吃哪些❌不该吃哪些一篇帮你了解清楚✅～
.
💠💠来了重庆住哪里💠💠
.
🏩解放碑：景点集中，去各个景点都很近
🏩南滨路：重庆一线江景，夜景绝美！沿线有很多大排档和商场但交通不是很方便
🏩沙坪坝：价格低，适合预算低的朋友，离解放碑不太远，出行也算方便
🏩观音桥：年轻人的生活圈，交通方便，喜欢夜生活就来这
.
💠💠重庆景点怎么玩💠💠
.
❇️DAY1：解放碑→八一好吃街→长江索道→白象居→洪崖洞→北步园老火锅
❇️DAY2：小北茶馆→鹅岭二厂→李子坝轻轨站→涂鸦一条街→钟书阁
❇️DAY3：观音桥→观音桥好吃街→北仓文创园→老甘家小龙虾江湖菜→九街
❇️DAY4：白公馆→磁器口→罗中立美术馆→返程
.
💠💠踩雷小吃不要吃💠💠
.
❌大蒜冰粉
❌冒烟冰淇淋
❌苕皮包小龙虾面
❌脑花夹饼
❌金西梅
❌火鸡面生煎杯
❌肥肠坛子饭
❌芥末酥肉
❌斑斓拉面奶茶
❌臭豆腐小龙虾面
💠💠地道美食必须试💠💠
.
🔷 ➰
🔹山城独特的美食，尤其到了夏季，满大街都有卖，真的很解暑
🔶 ➰
🔸小龙虾味道真的很绝～在重庆很难找出第二家
🔷 ➰
🔹软软糯糯一口拉丝的小糍粑裹上黄豆面，再沾上红糖甜到了心里～
🔶 ➰
🔸山城特色小吃，冰汤圆也很好吃哟
🔷 ➰
🔹酸酸辣辣开胃爽口
🔶 ➰
🔸嫩嫩的豆花香，来碗蘸水，安逸得很
🔷 ➰
🔹重庆人的早餐日常
🔶 ➰
🔸可以边看洪崖洞边看江景的地道火锅店
🔷 ➰
🔹9.9的盖碗茶还有很多甜品可选
🔶 ➰
🔸酸辣口感的泡菜就是下饭神器
🔷 ➰
🔹重庆特产，很具代表性
          
@薯队长 @小红书成长助手",,1681984921000,1681984921000,5b9da3c66b58b7694b226684,火锅儿妹妹,https://sns-avatar-qc.xhscdn.com/avatar/63f0a92c67341b9f427b9503.jpg,120,90,24,19,,"https://sns-img-hw.xhscdn.com/2f2da347-276e-3b04-6322-1bf63924ff5a,https://sns-img-hw.xhscdn.com/1932a558-ae2f-f0a0-2f60-93856e1d463a,https://sns-img-hw.xhscdn.com/f80b7097-5a4f-901c-87c0-6617b5e24077,https://sns-img-hw.xhscdn.com/ed935692-4169-c2c8-3d87-8d5931d74ae5,https://sns-img-hw.xhscdn.com/9ba54f94-62aa-b48a-156c-05395385e24f,https://sns-img-hw.xhscdn.com/b3bfa028-2ab3-1eaf-0dff-393d73d339b7,https://sns-img-hw.xhscdn.com/78e61d3e-b9dd-f758-6c41-063c95bcc145,https://sns-img-hw.xhscdn.com/0accf842-2aeb-e70e-93ed-3103b45d6a34,https://sns-img-hw.xhscdn.com/9d312c03-9a80-1995-24a1-bd535799282a","冰粉凉虾,老甘家小龙虾,红糖糍粑,山城小汤圆,酸辣粉,豆花饭,重庆小面,北步园老火锅,小北茶馆,黔江鸡杂,磁器口陈麻花,周末去哪儿,五一去哪玩,重庆,美食日常,重庆旅游推荐,重庆小众旅游攻略,重庆拍照,重庆打卡,火锅,重庆小吃,重庆美食",1713149962938,https://www.xiaohongshu.com/explore/64410d980000000013009531
643fbd0a000000001300cb18,normal,确定啦！五一去重庆旅游📸攻略已备好㊙️,"马上就是五一啦，已买好票准备出发✈️✈️
咱就是说已狠狠的期待住了❤️花了一整天时间整理好了这次旅行的攻略📝，希望也能帮姐妹们避个雷💣💣
.
——⚡️⚡️—行前准备—⚡️⚡️——
.
💳证件：身份证、学生证、银行卡等
💻电器：充电器、充电宝、相机、自拍杆等
👗衣物：裙子，短袖，外套、平底鞋
💄日用品：护肤品、化妆品、防晒霜等
💊药品：肠胃药、消食片、感冒药、晕车贴
🌂其他：雨伞、帽子、墨镜、水杯等
.
——⚡️⚡️—天气情况—⚡️⚡️——
.
⛅️5月重庆的平均气温在19-27度左右，晴天穿短袖是稍微会有点热🔥的天气，需要准备薄一点的外套👚，早晚和下雨天🌂会用得上，其他的时间段短袖或者裙子就可以✅
——⚡️⚡️—重庆必玩景点—⚡️⚡️——
.
🌵 ：重庆有名的标志性建筑，住宿可以住在解放碑，交通方便💕
🌵 ：体验空中公共汽车，要提前预约哦🚠
🌵 ：老式居民楼建筑，拍长江索道全景📸
🌵 ：《从你的全世界路过》取景地，文艺青年必打卡📍
🌵 ：很有艺术氛围，校外和居民楼建筑全是涂鸦✨
🌵 ：网红轻轨穿楼🚉
🌵 ：重庆现实版千与千寻，亮灯绝美，注意无快速通道🏯
🌵 ：这里是拍洪崖洞的最佳机位🎢
🌵 ：现实版的童话世界💓
🌵 ：老居民楼巷子的地道老茶馆，感受老重庆的市井气🏘
.
——⚡️⚡️—重庆必吃美食—⚡️⚡️——
.
💥
（豌杂面真的太爱了）
💥
（满足你的味蕾体验）
💥
（看江景和洪崖洞，景色无敌了）
💥
（超有创意的本地市井火锅，还可以一边吃火锅一边欣赏江景）
💥
（颜值与味道共存的川菜馆，来重庆必吃）
         
@薯队长 @生活薯 @走走薯 @小红书成长助手 @城市情报官",,1681898762000,1681898763000,5b9da3c66b58b7694b226684,火锅儿妹妹,https://sns-avatar-qc.xhscdn.com/avatar/63f0a92c67341b9f427b9503.jpg,24,13,0,5,,"https://sns-img-bd.xhscdn.com/01f9e36e-9691-41a2-0914-5ffcbbf86613,https://sns-img-bd.xhscdn.com/a989bc05-0925-6a67-5b1d-4a99978e3daf,https://sns-img-bd.xhscdn.com/1c0028b1-723c-d55f-a4c0-64070ae597da,https://sns-img-bd.xhscdn.com/17bea6dc-e3d8-7202-ca30-0eb0aed6c156,https://sns-img-bd.xhscdn.com/04395427-bde5-dd9c-ada2-2a5b86893825,https://sns-img-bd.xhscdn.com/e02f6019-fb1a-a13f-9ea1-ab01ffe75558,https://sns-img-bd.xhscdn.com/bf3ce775-6ed8-919e-3e56-65fa764307b7,https://sns-img-bd.xhscdn.com/dd51825b-ca91-e0aa-240c-85b0c34b4fde,https://sns-img-bd.xhscdn.com/f41a31ce-aa76-6ffd-0ed1-b6e0143af86e","解放碑,长江索道,白象居,鹅岭二厂,涂鸦一条街,李子坝,洪崖洞,千厮门大桥,华生园梦幻城堡,小北茶馆,重庆小面,小北茶馆🍵,北步园老火锅,老甘家小龙虾,周末去哪儿,重庆,旅游攻略,重庆旅游,旅游,重庆打卡,小众旅行地,五一去哪玩,火锅,重庆美食,重庆小吃",1713149962939,https://www.xiaohongshu.com/explore/643fbd0a000000001300cb18
643d1ac700000000130149b5,normal,18楼女孩五一重庆旅游❤️预算1000搞定💯,"重庆作为少年们的起点💕，十八楼女孩们必须冲‼️冲‼️冲‼️呀
🍟爆米花们不用担心太贵啦💔，重庆真的是很宠粉很适合穷游的城市噢💘，整个五一只需1000💰就可直接拿下TNT同款打卡地噢💯还不赶紧码住安排😎😎
.
💥💥爆米花们出行前需准备
.
✅证件：身份证、学生证（购买优惠票）、银行卡等
✅电器：手机、充电器、充电宝、相机、自拍杆等
✅衣物：裙子，短袖，外套、睡衣、平底鞋
✅日用品：护肤品、卸妆水、洗面奶、化妆品、防晒霜、牙膏，牙刷等
✅药品：肠胃药、消食片、感冒药、晕车贴
✅其他：雨伞、帽子、墨镜、水杯等
.
💥💥五月天气情况
.
🌈5月重庆的平均气温在19-27度左右，晴天穿短袖是稍微会有点热的天气，需要准备薄一点的外套，早晚和下雨天会用得上，其他的时间段短袖或者裙子就可以
.
💥💥TNT 同款三日游路线安排
.
💟Day1：解放碑﹣来福士﹣长江索道﹣白象居﹣洪崖洞﹣千厮门大桥
💟Day2：鹅岭二厂﹣李子坝﹣得意世界﹣罗森便利店﹣南山一棵树
💟Day3：小北茶馆-皇冠大扶梯﹣小北雕塑﹣长江国际
.
💥💥TNT 重庆同款热门景点打卡
.
💖洪崖洞 ﹣张张和丁儿同款
💖解放碑 ﹣丁程鑫、张真源同款
💖磁器口 ﹣小马哥打卡地
💖鹅岭二厂 ﹣《回到夏天》拍摄地
💖怀旧轮渡 ﹣张张同款
💖涂鸦一条街 ﹣拍摄《爱出发》
💖得意世界 ﹣小马哥路演
💖朝天门 ﹣张真源同款
💖罗森便利店 ﹣《回到夏天》
💖星卡里 ﹣俊凯家的店
💖千厮门大桥 ﹣丁、张同款
💖南滨路﹣《明天你好》同款
💖白象居 ﹣王俊凯同款
.
❌❌TNT 不要再去的同款景点
.
🚫熹慕西饼屋：已经歇业不必再打卡得意世
🚫得意世界石碑：已经被拆掉了
🚫涂鸦隧道：满墙的 TNT 涂鸦已经被覆盖
🚫新上海24H便利店：已经关门了
.
💥💥TNT梦开始的地方美食推荐
.
✨
✨重庆小面
✨
✨好再来酸辣粉
✨一只酸奶牛
✨
✨丁家坡洋芋
✨山城小汤圆
       @小红书成长助手 @薯队长 @生活薯 @走走薯 @城市情报官",,1681726151000,1681726152000,5b9da3c66b58b7694b226684,火锅儿妹妹,https://sns-avatar-qc.xhscdn.com/avatar/63f0a92c67341b9f427b9503.jpg,10,10,0,3,,"https://sns-img-qc.xhscdn.com/ac21caa4-ea8d-b3bb-5916-9c600312e1f6,https://sns-img-qc.xhscdn.com/edf84b0f-8fba-e85e-7601-11b2bad66b98,https://sns-img-qc.xhscdn.com/d79b7b98-41dc-5dff-011e-36d20ce23eab,https://sns-img-qc.xhscdn.com/e6f288fc-5f9b-bae3-0f90-42ef86c3e167,https://sns-img-qc.xhscdn.com/dc62d6c0-3bd0-92c4-d783-ce7bff28104c,https://sns-img-qc.xhscdn.com/47c8cb4e-c5ed-f9c9-3580-517474c8bec6,https://sns-img-qc.xhscdn.com/f8ddb2f7-f012-f339-52c8-c4f65d99d9fc,https://sns-img-qc.xhscdn.com/4efa1fbf-0f24-18ba-4e8d-dafe8b09dced,https://sns-img-qc.xhscdn.com/53732601-e7f2-c552-9d8e-50a14af16f0e","小北茶馆,老甘家小龙虾,北步园老火锅,周末去哪儿,重庆,重庆旅游,重庆打卡,长江国际18楼,旅游,重庆拍照",1713149962939,https://www.xiaohongshu.com/explore/643d1ac700000000130149b5
6437d35000000000130139e2,normal,花了200在闲鱼找了个陪玩|周五去重庆📸,"这周末就要和姐妹去重庆旅游啦💖为了体验感特意在闲鱼找了个陪玩，避免踩坑受骗🚫去过的姐妹们帮我看看花了200买的攻略靠谱吗💁💁
.
💥💥景点推荐💥💥
.
📍
——重庆的地标建筑，来重庆一定要和纪念碑合影
📍
——各种小吃美食的汇聚地，吃货一定要来
📍
——老重庆人的交通工具，横跨长江的""空中巴士""
📍
——现实版《千与千寻》，夜景真的超级好看
📍
——重庆的老居民楼建筑，在这里可以拍摄到长江索道
📍
——千年历史古镇，历史文化底蕴深厚
📍
——可以俯瞰到整个重庆夜景的公园，夜景超壮观
📍
——体验老重庆的爬坡上坎，记得穿一双舒适的鞋子
📍
——文艺清新的打卡地，可以穿文艺范儿一点的衣服来拍照
📍
——体验重庆独有的魅力，看轻轨穿楼，可以和轻轨来一张合影
📍
——满满的艺术气息，整条街都被画上了各种各样的涂鸦
📍
——可以坐船游重庆，欣赏山城美景，而且门票只要10块钱
📍
——现代风格与古代建筑相融合的一条街道
📍
——重庆夜晚最热闹的地方，很多年轻人晚上都会去
📍
——首尔风的小街道，很适合拍照，有很多有意思的小店
.
💥💥美食推荐💥💥
.
🔥   人均9.9💰
——9.9的盖碗茶无限续，还有众多甜品好吃到哭，连房琪、敖瑞鹏都来过
🔥  人均69💰
——重庆小龙虾首选，开了几十年了，大多重庆人都知道，生意爆好，味道也是好吃到顶了
🔥   人均8💰
——纯手工手搓冰粉，配料足，口味绝佳
🔥  人均58💰
——36个菜都只要188的地道九宫格老火锅，就藏在洪崖洞旁的居民楼里，一般不是资深的好吃狗不太容易找到
       @小红书成长助手",,1681380176000,1681380176000,5b9da3c66b58b7694b226684,火锅儿妹妹,https://sns-avatar-qc.xhscdn.com/avatar/63f0a92c67341b9f427b9503.jpg,99,90,18,34,,"https://sns-img-hw.xhscdn.com/3748eb94-7fbd-a60a-b0e0-d7e7f0e57411,https://sns-img-hw.xhscdn.com/bf06d842-9314-6a34-750f-ed468d26e5a0,https://sns-img-hw.xhscdn.com/05b090d7-20f7-926f-0931-fd5abdefad7d,https://sns-img-hw.xhscdn.com/85bc48f7-ad3c-fa8d-0bc8-f0691947331c,https://sns-img-hw.xhscdn.com/2aad458d-9cb7-7ac3-58a4-cc269549da50,https://sns-img-hw.xhscdn.com/0e58360c-bf2d-db33-1fee-f796319422ca,https://sns-img-hw.xhscdn.com/ffb6d726-0519-4b2f-065e-51d43aa841de,https://sns-img-hw.xhscdn.com/88828776-d511-a776-b28c-ec31e3f964ac,https://sns-img-hw.xhscdn.com/eab08838-d558-80d7-fee5-3b550ffd1319","解放碑,八一好吃街,长江索道,洪崖洞,白象居,磁器口,南山一棵树,山城步道,鹅岭二厂,重庆李子坝,涂鸦一条街,怀旧轮渡,弹子石老街,重庆九街,北仓文创街区,小北茶馆,老甘家小龙虾,玫瑰糍粑冰粉,北步园老火锅,周末去哪儿,五一去哪玩,重庆,重庆旅游,重庆打卡,重庆探店,重庆美食",1713149962940,https://www.xiaohongshu.com/explore/6437d35000000000130139e2
64368536000000001301654e,normal,青春有几年🆘大胆一点吧！出发去重庆✈️,"✨别问旅游多少钱，看看青春有几年🚨大胆一点吧，出发去重庆👉👉
重庆作为近几年多次排名第一的旅游城市，真的太值得一去了‼️爆多的美食吃到爽🤩重庆人民也超热情🔥整个城市都超宠粉💖💖
.
👉👉游玩观赏路线👈👈
.
🚲DAY1： → → → → →
🚲DAY2： → → → →
🚲DAY3： → → → 小龙虾江湖菜→
🚲DAY4： → → →返程
.
👉👉好玩有趣的地方👈👈
.
🎊洪崖洞：看夜景必去打卡地，真的超级壮观、好看，完全就是现实版的《千与千寻》
🎊解放碑：重庆的标志性建筑，属于重庆的中心商圈，附近的热门景点也很多
🎊北仓文创街区：首尔风的小街道，文艺气息十足，特别晴天的时候拍照巨有感觉
🎊九街：重庆年轻人夜生活的聚集地，98一条街，
🎊李子坝：感受山城重庆的神奇和魅力，不仅仅可以和轻轨合影，还可以自己坐上去体验
🎊长江索道：横跨长江的空中巴士，老重庆人的交通工具，可以欣赏长江两岸的风光
🎊鹅岭二厂：文艺小青年必去，超多文艺感十足的打卡地，拍照很出片
🎊磁器口：非常有名的古镇，最好是人少的时候去，感受这座城市历史和古韵，还有各种各样的小吃
🎊涂鸦一条街：川美学生的作品，位于川美黄角坪校区，在这条街上，从楼房、墙面，到校园、店铺等，都是满满的涂鸦
.
👉👉好吃爆表的美食👈👈
.
💥 ：传统老火锅加上各式甜品，超赞！
💥 ：来重庆必吃的小龙虾，没有之一！
💥 ：居民楼小巷子里，装修很复古，拍照超出圈！
💥 ：丁家坡洋芋、烤脑花、好又来酸辣粉、熨斗糕、山城小汤圆、冰豆花、降龙爪爪
     @小红书成长助手",,1681294647000,1681294647000,5b9da3c66b58b7694b226684,火锅儿妹妹,https://sns-avatar-qc.xhscdn.com/avatar/63f0a92c67341b9f427b9503.jpg,9,6,0,2,,"https://sns-img-qc.xhscdn.com/f76fc0c7-bc1b-8a9a-21da-e7eac09e76f7,https://sns-img-qc.xhscdn.com/d32312a8-d324-b2a9-1421-f5740d753116,https://sns-img-qc.xhscdn.com/47228595-e912-a64a-0941-c5eec9909044,https://sns-img-qc.xhscdn.com/bab38288-5032-7ae4-86c5-ed34f2746298,https://sns-img-qc.xhscdn.com/29a5b565-7f97-45cf-a0fc-d81c25032ff3,https://sns-img-qc.xhscdn.com/c98c0271-39ed-5bad-c840-9552e6ab18cf,https://sns-img-qc.xhscdn.com/f79e05d8-d9ff-1163-27ad-2b1baad2a9f7,https://sns-img-qc.xhscdn.com/b085fc8f-26db-265a-eee9-bdcc826aa033,https://sns-img-qc.xhscdn.com/e958f644-deda-54ae-4b94-12d69fa094cd","解放碑,八一好吃街,长江索道,白象居,洪崖洞,北步园老火锅,小北茶馆,鹅岭二厂,重庆李子坝,涂鸦一条街,钟书阁,重庆观音桥,观音桥好吃街,北仓文创街区,重庆老甘家,重庆九街,重庆白公馆,磁器口,罗中立美术馆,北步园老火锅戴家巷店,老甘家小龙虾,重庆小吃,周末去哪儿,重庆,重庆旅游,重庆拍照,重庆打卡",1713149962941,https://www.xiaohongshu.com/explore/64368536000000001301654e
64353765000000002702ab49,normal,五一游重庆，吃喝玩乐+文案|一篇全搞定💯,"五一来重庆的姐妹们，这篇攻略错过就是你的损失‼️‼️不仅吃喝玩喝帮你搞定，连文案都备好啦😘😘
不用再全网东拼西凑，又不知道选择哪篇啦🆘就这一篇帮你五一安排的妥妥的😎😎😎
.
————  ✨住·宿·选·择✨  ————
.
🏩解放碑：景点集中，去各个景点都很近
🏩南滨路：重庆一线江景，夜景绝美，但交通不是很方便
🏩沙坪坝：价格低，适合预算低的朋友，离解放碑不太远，出行也算方便
🏩观音桥：年轻人的生活圈，交通方便，喜欢夜生活就来这
.
————  ✨行·程·安·排✨  ————
.
🌈DAY1：解放碑 →八一好吃街 →长江索道→白象居→洪崖洞→北步园老火锅
🌈DAY2：小北茶馆→鹅岭二厂→李子坝轻轨站→涂鸦一条街→钟书阁
🌈DAY3：观音桥→观音桥好吃街→北仓文创园→老甘家小龙虾江湖菜→九街
🌈DAY4：白公馆→磁器口→罗中立美术馆→返程
.
————  ✨山·城·文·案✨  ————
.
💕𝑪𝒉𝒐𝒏𝒈𝒒𝒊𝒏𝒈 |路是南滨路，城是重庆城，江是嘉陵江，人是意中人
💕𝑪𝒉𝒐𝒏𝒈𝒒𝒊𝒏𝒈 |""渝""见
💕𝑪𝒉𝒐𝒏𝒈𝒒𝒊𝒏𝒈 |一座被火锅腌入味的城市
💕𝑪𝒉𝒐𝒏𝒈𝒒𝒊𝒏𝒈 |""渝""你重逢
💕𝑪𝒉𝒐𝒏𝒈𝒒𝒊𝒏𝒈 |山城的浪漫，至死不渝
💕𝑪𝒉𝒐𝒏𝒈𝒒𝒊𝒏𝒈 |你说重庆无辣不欢，我说重庆夜景千金不换
💕𝑪𝒉𝒐𝒏𝒈𝒒𝒊𝒏𝒈 |山城夜景，不枉千里迢迢
💕𝑪𝒉𝒐𝒏𝒈𝒒𝒊𝒏𝒈 |山城永远不缺故事
💕𝑪𝒉𝒐𝒏𝒈𝒒𝒊𝒏𝒈 |重是重逢的重，庆是庆幸的庆，我的意思是很庆幸在山城与你重逢。
💕𝑪𝒉𝒐𝒏𝒈𝒒𝒊𝒏𝒈 |你不在重庆的日子，我替你吹了嘉陵江的晚风
.
————  ✨美·食·必·吃✨  ————
.
㊙️
㊙️
㊙️
㊙️九九豆花馆
㊙️李米线
.
需要文案的姐妹们评论区自取哦💓💓
还有其他关于山城的文案欢迎留言😘😘
点赞加收藏❤️+⭐️不怕找不到[偷笑R][偷笑R]
#周末去哪儿     @小红书成长助手",,1681209189000,1681209189000,5b9da3c66b58b7694b226684,火锅儿妹妹,https://sns-avatar-qc.xhscdn.com/avatar/63f0a92c67341b9f427b9503.jpg,9,6,10,6,,"https://sns-img-qc.xhscdn.com/d6ec60dc-414e-e36e-90f6-add373c2e216,https://sns-img-qc.xhscdn.com/6f9400f1-cfc3-7abf-eba3-c0d687a1d68a,https://sns-img-qc.xhscdn.com/649d7e8d-4408-2d61-da6f-76d3e2c392ae,https://sns-img-qc.xhscdn.com/3b916cb9-d73d-4d22-15a7-0965b49bf219,https://sns-img-qc.xhscdn.com/2975a1c3-2b01-c687-ca59-e814c9e74352,https://sns-img-qc.xhscdn.com/1ff70796-c64d-bdd6-2807-b24452c394f5,https://sns-img-qc.xhscdn.com/7613f1d0-97ae-09c8-72fd-0189095ad832,https://sns-img-qc.xhscdn.com/e8a5931d-f8d3-a6eb-3354-1ce67fe0feef,https://sns-img-qc.xhscdn.com/6822f689-b114-c62a-3217-6bc4cf2fe2b6","北步园老火锅,老甘家小龙虾,小北茶馆,旅行攻略,五一去哪玩,重庆拍照,重庆",1713149962942,https://www.xiaohongshu.com/explore/64353765000000002702ab49
6433dfde000000000703ab5d,normal,姐妹们！男友五一要带我来重庆旅游啦✌✌,"🌈🌈偶然看到男友手机中收藏的重庆旅游攻略🚠，我家的钢铁直男五一总算要带我出门旅游了😭😭，这一天让我等得太久了🆘🆘，姐妹们赶紧帮我分析分析这篇攻略靠不靠谱呀❓难得出门玩一次绝不能处处踩雷[哭惹R][哭惹R][哭惹R]💣💣💣
.
⚡️⚡️重庆5月天气＆穿搭
.
5月气温：平均气温在15-30度左右
5月天气：春夏交替，时长有雨，记得带把伞
5月建议穿搭：建议穿裙子/裤子＋薄外套
.
⚡️⚡️行前准备
.
🎡提前订好机票／动车票／火车票，
🎡提前订好住宿
🎡提前带好物品：身份证、学生证、少量现金、充电宝、充电器、换洗衣物、洗面奶、卸妆水、护肤化妆品、肠胃药、消食片、伞、口罩、平底鞋等
.
⚡️⚡️重庆必玩景点
.
🔥
🎠—重庆有名的标志性建筑，住宿可以住在解放碑，交通方便
🔥
🎠—体验空中公共汽车，要提前预约哦
🔥
🎠—老式居民楼建筑，拍长江索道全景
🔥
🎠—《从你的全世界路过》取景地，文艺青年必打卡
🔥
🎠—很有艺术氛围，校外和居民楼建筑全是涂鸦
🔥
🎠—网红轻轨穿楼
🔥
🎠—重庆现实版千与千寻，亮灯绝美，注意无快速通道
🔥
🎠—这里是拍洪崖洞的最佳机位
.
⚡️⚡️重庆必吃美食
.
📍
（豌杂面真的太爱了）
📍
（满足你的味蕾体验）
📍 老火锅（戴家巷店）
（超正宗的本地市井老火锅）
📍
（颜值与味道并存的小龙虾江湖菜馆，小龙虾绝绝子）
📍
（多个明星打卡的地道老茶馆）
             
@城市情报官 @小红书成长助手 @生活研究所 @薯队长 @生活薯 @吃货薯",,1681121246000,1681121246000,5b9da3c66b58b7694b226684,火锅儿妹妹,https://sns-avatar-qc.xhscdn.com/avatar/63f0a92c67341b9f427b9503.jpg,4,3,0,2,,"https://sns-img-bd.xhscdn.com/94abd97d-9aa3-36e6-2445-e39097af456e,https://sns-img-bd.xhscdn.com/1a8f9bed-a4ae-eb57-d6fa-51f707b7690f,https://sns-img-bd.xhscdn.com/f7b0dd8e-7943-c139-235c-801a7d5885de,https://sns-img-bd.xhscdn.com/0b70f448-460b-2e3a-032d-939546db4775,https://sns-img-bd.xhscdn.com/df155564-9d23-1ed9-ed0d-965e744b6329,https://sns-img-bd.xhscdn.com/753f1b77-1171-30b6-e922-6c2833ff673e,https://sns-img-bd.xhscdn.com/8056d546-34e1-757e-8959-6cb3f18350ef,https://sns-img-bd.xhscdn.com/f925f9d7-d7fa-a525-7cee-10e4c841743f,https://sns-img-bd.xhscdn.com/e60ad190-f255-1b15-8a9a-173f84585ffa","解放碑,长江索道,白象居,鹅岭二厂,涂鸦一条街,重庆李子坝,洪崖洞,千厮门大桥,重庆小面,北步园,老甘家小龙虾,小北茶馆,重庆,重庆旅游,旅游,旅游攻略,重庆拍照,重庆旅行,重庆老火锅,重庆必吃美食,五一去哪玩,五一,周边游,重庆小众拍照地,重庆小众打卡地,周末去哪儿,重庆小吃",1713149962943,https://www.xiaohongshu.com/explore/6433dfde000000000703ab5d
642ea26500000000270016e2,normal,重庆旅游避坑防雷最全攻略💣太全了叭😍,"这么全的重庆旅游攻略真的很少见啊💓💓
避坑❌防雷💣，一篇搞定‼️
姐妹们看见就先🐴住吧！早晚用得上✌
.
🌈🌈🌈三日游最佳路线
.
🚠第一天： → → → → → → →
🚠第二天： → → → →→
🚠第三天： → → →
.
🌈🌈🌈重庆住宿选择
.
🏘解放碑：距离景点最近，多数人的选择
🏘南滨路：欣赏重庆夜景，情侣浪漫约会
🏘观音桥：有更高性价比，年轻夜猫子来
🏘沙坪坝：出站就是商圈，但离景点较远
.
🌈🌈🌈重庆交通情况
.
⛵️江北机场：到解放碑65分钟
⛵️沙坪坝站：到解放碑40分钟
⛵️重庆北站：到解放碑25分钟
⛵️重庆西站：到解放碑45分钟
.
🌈🌈🌈重庆必去的热门景点
.
💓洪崖洞：现实版《千与千寻》，到重庆必去
💓解放碑：重庆的中心商圈，到重庆必去，这边的景点非常的多
💓长江索道：横跨长江的空中巴士，曾经是老重庆人的出行交通工具
💓李子坝：很火的轻轨穿楼，可以坐2号线去感受一下轻轨穿楼
💓山城步道：天气好的时候在山城步道走一走，感受老重庆的味道
💓鹅岭二厂：电影《从你的全世界路过》在这里取过景
💓磁器口：到重庆必去的古镇，感受这座城市的历史和缩影
💓湖广会馆：建筑非常有年代感，高级的黄色古色古香
.
🌈🌈🌈重庆美食推荐
.
♨️
♨️
♨️
♨️
♨️
♨️
           
@薯队长 @生活薯 @小红书成长助手",,1680777829000,1680777830000,5b9da3c66b58b7694b226684,火锅儿妹妹,https://sns-avatar-qc.xhscdn.com/avatar/63f0a92c67341b9f427b9503.jpg,7,7,0,2,,"https://sns-img-qc.xhscdn.com/e4eb054c-89c1-dea5-1215-829d7f7a2dc6,https://sns-img-qc.xhscdn.com/f80c963e-42fa-2fec-54c2-bab12ed55cb6,https://sns-img-qc.xhscdn.com/1f3f3f10-dffe-c330-1eb9-18f58711fc04,https://sns-img-qc.xhscdn.com/1ed0cf82-4507-c686-9e27-d36ca7d49d4e,https://sns-img-qc.xhscdn.com/5afb4b0f-d117-46e3-9032-92a678dbaf1e,https://sns-img-qc.xhscdn.com/ed055b13-700f-c0f7-9b88-4abb942777a7,https://sns-img-qc.xhscdn.com/c1bf132c-2a06-11ff-1647-b59557b35d79,https://sns-img-qc.xhscdn.com/6c3ec628-ab40-3b67-014b-be8fb2dd6a9c,https://sns-img-qc.xhscdn.com/e24267ad-53f7-90d7-5e5a-124c592cdda8","解放碑,八一好吃街,两江小渡,长江索道,弹子石老街,千厮门大桥,洪崖洞,皇冠大扶梯,鹅岭二厂,重庆李子坝,重庆观音桥,湖广会馆,山城步道,磁器口古镇,周末去哪儿,重庆旅游,重庆火锅,旅游,重庆拍照,重庆打卡,重庆旅行,旅游攻略,重庆老火锅,五一去哪玩,九街,油茶,胡记蹄花汤,北步园老火锅,老甘家小龙虾,小北茶馆,重庆小面,重庆,罗中立美术馆,老甘家小龙虾江湖菜",1713149962944,https://www.xiaohongshu.com/explore/642ea26500000000270016e2
642bf6670000000013036147,normal,重庆本地人用心整理的旅游干货|很值得❤️,"花了几个小时整理出来的重庆旅游攻略，需要的宝子们直接🐴住啦～
重庆的“8D”夜景放在全国也可以说是数一数二的✌✌好吃的美食更多‼️无论如何，这个五一都得去吹一吹嘉陵江的晚风呀💓💓
.
🌀重庆三日游路线
.
🍓第一天： ﹣ ﹣ ﹣ - ﹣ -
🍓第二天： - - ﹣ - - -
🍓第三天： ﹣ ﹣ - - -
.
🌀重庆出行前注意
.
🍉1、穿平底鞋，重庆山路偏多，爬坡上坎比较累
🍉2、提前订住宿，临时订的住宿价格贵，提前订会便宜点，住宿首选民宿，酒店首选连锁酒店
🍉3、记得带肠胃药，不能吃辣的朋友记得带上，重庆的美食都偏辣，可以点微微辣
🍉4、重庆适合自由行，主城玩3天左右就可以了，其他的时间就要去区县，奥陶纪、仙女山都可以
🍉5、不用带太多的行李来重庆，大包小包的千万不要，重庆的物价不贵，缺什么可以买
🍉6、有时候导航在重庆不管用，巷子里面的小店很难找道，这时候就问问附近门店的老板
.
🌀重庆的美食
.
🌶 ：传统老火锅加上各式甜品，超赞！
🌶 小龙虾江湖菜：来重庆必吃的小龙虾，没有之一！
🌶 ：居民楼小巷子里，装修很复古，拍照超出圈！
🌶小吃：丁家坡洋芋、烤脑花、烤生蚝、好又来酸辣粉、重庆小面、熨斗糕、山城小汤圆、烤猪蹄、冰豆花、降龙爪爪
               @薯队长 @生活薯 @小红书成长助手 @城市情报官",,1680602727000,1680603065000,5b9da3c66b58b7694b226684,火锅儿妹妹,https://sns-avatar-qc.xhscdn.com/avatar/63f0a92c67341b9f427b9503.jpg,32,36,0,13,,"https://sns-img-hw.xhscdn.com/ca669b3b-da0c-453e-612d-df00750ab5d3,https://sns-img-hw.xhscdn.com/32133c81-05ec-958f-a011-6ccb2649946d,https://sns-img-hw.xhscdn.com/67959bfc-b87d-097c-d9c4-f115e898e3dd,https://sns-img-hw.xhscdn.com/c8a8e1d5-600b-03de-df9e-47a81dd2f509,https://sns-img-hw.xhscdn.com/9de4477e-3f06-a392-c24a-115bdcae233e,https://sns-img-hw.xhscdn.com/a5f38151-b971-a9de-2df1-b6d125d89ecc,https://sns-img-hw.xhscdn.com/b24e4b17-fe16-0e7f-92f1-e7ac543c90ab,https://sns-img-hw.xhscdn.com/56df4ade-9116-9029-8543-6438be8a0978,https://sns-img-hw.xhscdn.com/58a602c6-6a3d-ceab-781a-82f63b9b1865","解放碑,好吃街,长江索道,来福士,千厮门大桥,北步园老火锅,鹅岭二厂,重庆李子坝,重庆观音桥,北仓文创街区,老甘家小龙虾,重庆九街,两江小渡,弹子石老街,南滨路,黄桷垭老街,南山一棵树,北步园老火锅戴家巷店,老甘家,小北茶馆,周末去哪儿,重庆,重庆旅游,旅游,重庆拍照,重庆打卡,重庆旅行,旅游攻略,重庆美食,重庆旅游推荐,重庆成都旅游攻略,五一去哪玩,火锅,小面",1713149962945,https://www.xiaohongshu.com/explore/642bf6670000000013036147
642aa6b3000000000800e39e,normal,洪崖洞最全打卡攻略|我愿称之为天花板💕,"天呐😱😱洪崖洞今年真的是天天都很火爆啊，可也抵不住它是真好看😭😭来重庆必去哟💢土著贴心的为大家准备了攻略，轻松get多条线路✅避免去了看人头🙅🙅还有隐藏机位出片绝绝子✨✨✨
-
🚨🚨🚨出行准备：
🎊证件类：身份证、学生证、少量现金。
🎊电器类：相机、自拍杆、充电器、耳机。
🎊衣物类：外套、裤子、运动鞋。
🎊药品类：肠胃药、晕车药、感冒药、创可贴。
-
🚨🚨🚨洪崖洞快速通道：
📍
✅方便指数：⭐️⭐️⭐️⭐️⭐️
💕关键词：快速
.
📍
✅方便指数：⭐️⭐️⭐️⭐️⭐️
💕关键词：不打挤，隐藏机位
.
📍
✅方便指数：⭐️⭐️
💕关键词：近距离，打挤
.
📍 ／
✅方便指数：⭐️⭐️⭐️
💕关键词：观江
.
📍
✅方便指数：⭐️⭐️⭐️⭐️
💕关键词：全方位看夜景
-
🚨🚨🚨洪崖洞交通指南：
✨1楼的交通
🚘打车：一楼不好打车，最好走到11楼再打，人多的时候，可以提前在网上约车
🚶步行：步行到解放碑，再乘地铁、公交、打车
.
✨11楼的交通
🚉地铁：步行到地铁站，一号线小什字站/二号线临江门站
🚎公交：马路边就有公交车站注意未班车时间
🚶步行：好果你住在解放碑，步行会更方便
🚘打车：建议步行到解放碑再打车，排队很容易堵车
.
🚨🚨🚨重庆美食种草：
🍭 ：新推出坛子奶茶，颜值超高的，来这吃盖碗火锅，菜品和甜品颜值都高，味道很赞。
🍭 ：氛围感超足的店，刷爆朋友圈的那种小吃种类多：熨斗糕、三角粑、酥肉等等。
🍭 ：重庆本地人都喜欢来的店小龙虾吃到爽，罗氏虾很好吃的哟。
🍭 ：筋道入味，来重庆早饭不晓得吃啥子，一定要去吃碗小面。
          
@薯队长 @生活薯 @生活研究所 @城市情报官 @小红书成长助手",,1680516787000,1680516788000,5b9da3c66b58b7694b226684,火锅儿妹妹,https://sns-avatar-qc.xhscdn.com/avatar/63f0a92c67341b9f427b9503.jpg,28,12,0,5,,"https://sns-img-al.xhscdn.com/972f4069-e542-1400-c055-82e1a374a7cc,https://sns-img-al.xhscdn.com/2ecaae39-7369-0def-6f8d-9e2a6e4501e6,https://sns-img-al.xhscdn.com/dfdf4c0c-ade7-7d69-95a0-34fd13eda0a1,https://sns-img-al.xhscdn.com/3f659343-b3ae-865d-5799-10d4ae824099,https://sns-img-al.xhscdn.com/8286daff-d8b3-f436-c8f7-a79ef6a8f0cd,https://sns-img-al.xhscdn.com/fce25964-00ef-1e48-937b-a997d71d5f0b,https://sns-img-al.xhscdn.com/35417e4d-7a57-78ec-d667-148977f32428,https://sns-img-al.xhscdn.com/a8c024f1-01a2-3d37-b7ab-109b2c1c0a99,https://sns-img-al.xhscdn.com/8337255c-2ab4-d3fb-d491-3a3f6d63cac0","高盛创富中心,戴家巷,重庆来福士,朝天门,千厮门大桥,北步园老火锅,小北茶馆,老甘家小龙虾,重庆小面,假期去哪玩,重庆,重庆拍照,重庆探店,重庆打卡,重庆旅游,重庆旅行,重庆美食,五一去哪玩,五一,重庆洪崖洞内部",1713149962947,https://www.xiaohongshu.com/explore/642aa6b3000000000800e39e
642800df00000000120338a1,normal,洪崖洞的隐藏玩法㊙️95％的人都不知道‼️,"📸洪崖洞作为重庆最值得打卡的地标，真的是火爆了💢五一计划来重庆的姐妹们，一定要收藏好这篇❤️，做好攻略再去呀⚠️⚠️要不就只有去看人头，毫无体验感可言❌❌
.
💚洪崖洞楼层分布
💚洪崖洞预约步骤
💚洪崖洞拍照机位
💚洪崖洞交通方案
💚洪崖洞隐藏玩法
💚洪崖洞隐藏路线
.
✨洪崖洞避坑指南✨
.
💜洪崖洞没有快速通道，所谓的快速通道就是里面的电梯，大家不要花钱让人带路
💜不要在洪崖洞里面买特产，非常贵
💜在洪崖洞人特别多的时候要注意自己的安全，不要去人流量多的地方，防止踩踏
💜时间不多的时候，不用去洪崖洞里面逛，都是商业街常规的特产店，又贵又难吃
.
✨洪崖洞楼层分布✨
.
💛1层：精品古玩城
（出去是大马路和观景台）
💛2层：民俗特色商铺
💛3层：百业工坊老街
💛4层：巴渝民俗美食街
💛5-8层：洪崖洞大酒店
💛9-10层：异国美食街
💛11层：城市阳台
（外面是大马路，可由此进入景区，步行至解放碑和千厮门大桥）
.
✨重庆必吃美食✨
.
❤️ ：是重庆小龙虾🍤的扛把子，每天排队爆满🔥，本地人比外地人多😂，营业到凌晨，是很多老重庆人的日常✅
❤️ ：东华帝君跟抖音网红房琪打卡的重庆首家甜品盖碗茶🍧，五花八门的甜品🍦吃到嗨，还有9.9的盖碗茶🍵，和姐妹👯约上一坐一下午，不要太安逸💕！！关键是离洪崖洞巨近，走路一分钟不到，从这里去洪崖洞真的超方便不打挤哟㊙️㊙️
❤️（戴家巷店）：在居民楼下巷子里的正宗重庆老火锅🥘，可以直接封神⚠️！！本地人都认可的九宫格火锅绝对不会差！188元36个菜满满一大桌😋，真的巨巨巨划算😍。逛完洪崖洞来场火锅这场旅行真的完美爆表💢💢
#假期去哪玩            
@薯队长 @生活薯 @城市情报官 @小红书成长助手",,1680343263000,1680343263000,5b9da3c66b58b7694b226684,火锅儿妹妹,https://sns-avatar-qc.xhscdn.com/avatar/63f0a92c67341b9f427b9503.jpg,28,13,0,10,,"https://sns-img-qc.xhscdn.com/3a1d6a6e-2678-cb41-6582-2851b1485850,https://sns-img-qc.xhscdn.com/b6e0e573-8013-9024-b877-41bdc067d72e,https://sns-img-qc.xhscdn.com/894b16d1-c9be-4629-c434-84d8ba6aea51,https://sns-img-qc.xhscdn.com/c5b34fa9-b65e-8a56-cc78-554f4949bf83,https://sns-img-qc.xhscdn.com/7cc8fff5-213c-1bc2-eff5-bebaa0a77662,https://sns-img-qc.xhscdn.com/93988862-b59f-af11-7044-6257e9edffcc,https://sns-img-qc.xhscdn.com/100c0a7d-93c6-c0a9-bfb5-720d3de4aa28,https://sns-img-qc.xhscdn.com/1f30ade9-6067-9f26-a391-e016fff1e528,https://sns-img-qc.xhscdn.com/f9e3096e-8407-4f2d-411c-6a3e09a86791","小北茶馆,重庆,洪崖洞,洪崖洞拍照,重庆洪崖洞,重庆旅游推荐,重庆拍照,重庆探店,重庆打卡,五一去哪玩,重庆火锅,重庆小面,周末探店,周末去哪儿浪,北步园老火锅,老甘家小龙虾",1713149962948,https://www.xiaohongshu.com/explore/642800df00000000120338a1
6426af970000000013005344,normal,洪崖洞游玩最全攻略✅拒绝再当大冤种❌ ❌,"刚去完重庆，真的太后悔没有做攻略了😭 😭 踩了巨多坑，太影响体验感了‼️ 但是有一说一重庆还是特别好玩💕 特别是洪崖洞‼️ 不愧是重庆游玩人数最多的景区🔥 🔥在此总结了一些经验，希望能帮到五一来重庆的姐妹们♥️ ♥️
.
👉👉👉洪崖洞交通指南
.
💓1F的交通指南
✅打车
人很多，要提前预约，还有堵车风险
✅步行
步行到解放碑，再乘坐地铁、公交、打车
💓11F的交通指南
✅地铁
步行到地铁站：1号线小什字站／2号线临江门站
✅步行
如果住在解放碑，步行十几分钟就能到
✅打车
步行到解放碑再打车公交
马路边就有公交站，注意末班车时间
.
👉👉👉洪崖洞最佳拍摄点
.
✅洪崖洞5楼中间的廊桥处
✅IF马路对面
✅1F千厮门大桥正下方
✅千厮门大桥上
✅洪崖洞对面的重庆大剧院
.
👉👉👉洪崖洞不排队指南
.
✅洪崖洞内部5楼，最靠近千厮门大桥的一侧，有一个洪崖洞大酒店的电梯，可以直达1楼
✅在﹣1F坐电梯上楼
✅挂在悬崖上的观景步道﹣戴家巷崖壁步道✅2号线临江门站 A 出口，上魁星楼，再过天桥，通往高盛创中心，乘梯至1楼，过马路，右转走300m，即可到达洪崖洞1F
✅定位到棉花街，找到写有湖广会馆牌子的楼梯，顺着往下走，左转直行3min
✅在千厮门大桥上可以见到洪崖洞全景
.
👉👉👉洪崖洞美食合集
.
✅
💓地道重庆老火锅，店铺装修风格很复古，很有情怀的感jio，环境干净卫生，菜品也新鲜，火锅味道很醇香
✅
💓重庆小龙虾top1，本地人日常打卡的店，开了很多年了，味道很不错，不能吃辣的可以点招牌蒜蓉小龙虾哟
✅
💓复古感爆棚的巷子老茶馆，老式藤椅老式水壶，还有新式的特色甜品盖碗茶，很适合下午小憩
✅
💓秘制酱料和面搭配在一起，味道太赞了军屯
✅
💓外皮金黄酥脆，肉质鲜美多汁
✅
💓满满一大碗用料很足，清清爽爽很解暑！
✅
💓重庆本土酸奶饮品品牌，经典饮品是紫米露
        @小红书成长助手",,1680256919000,1680256919000,5b9da3c66b58b7694b226684,火锅儿妹妹,https://sns-avatar-qc.xhscdn.com/avatar/63f0a92c67341b9f427b9503.jpg,345,421,9,92,,"https://sns-img-hw.xhscdn.com/2aab046b-de48-ce72-8bff-a74003fd6ab8,https://sns-img-hw.xhscdn.com/73eaefe9-5c52-8ad4-5506-f8cb49f92e1b,https://sns-img-hw.xhscdn.com/c1244ce8-57f6-c758-5951-f4a66c9f9f00,https://sns-img-hw.xhscdn.com/6295f480-546c-22f6-cc4a-452d4885b1fe,https://sns-img-hw.xhscdn.com/16859cbb-fb5e-81d9-329e-1c003702a901,https://sns-img-hw.xhscdn.com/851cf94c-2b2a-babe-fb78-7a699b5f9bc8,https://sns-img-hw.xhscdn.com/dc3480da-b338-b073-4b77-f0de4b93c0c8,https://sns-img-hw.xhscdn.com/a40805e4-d5c5-d33a-3f3f-4b7eeba19e6a,https://sns-img-hw.xhscdn.com/65d9793b-0859-3487-96ca-3b370f5dee9e","北步园老火锅,老甘家小龙虾,小北茶馆,花市豌杂面,锅盔,玫瑰糍粑冰粉,一只酸奶牛,周末去哪儿,重庆洪崖洞,重庆拍照,重庆旅游,重庆打卡,重庆旅行,解放碑,重庆",1713149962949,https://www.xiaohongshu.com/explore/6426af970000000013005344
64240c4600000000270001b4,normal,一篇看完重庆九区旅游景点💢绝了💓,"计划来重庆的朋友们！不知去哪里玩就看这篇啦✅作为土生土长的重庆妹儿，总结出了重庆主城各区的旅游景点🌈🌈
妥妥的帮姐妹一篇搞定👌不踩坑❌少走弯路❌一定要收藏起来啊♥️+⭐️
.
✨重庆三日游行程安排
🎀DAY1： ﹣ ﹣ ﹣ ﹣ -
🎀DAY2： ﹣ ﹣ - -
🎀DAY3： ﹣ ﹣ - - ﹣
.
✨重庆出行指南
⭕️【抵达】
🛒江北机场﹣解放碑：机场快线k01路15／人
🛒重庆北站﹣解放碑：高铁快线G04路10／人
🛒重庆西站﹣解放碑：高铁快线G01路15／人
🛒重庆沙坪坝﹣解放碑：地铁1号线小什字站⭕️⭕️【市内交通】
🎏轻轨交通：重庆大部分景点都可以乘轻轨到达，价格实惠，时间快
🎏公交车：票价2元，但是节假日和周末不建议坐，真的超级堵车
🎏出租车：起步价10元，晚上11元，统一认准黄色外观
.
✨重庆住宿指南
🎡解放碑：属于重庆的繁华地带，交通非常便利，而且靠近大部分的热门景点
🎡观音桥：在九街附近，夜生活丰富，公寓偏多，住宿价格适中，出行交通便利
🎡南滨路：这边发住宿价格偏高大部分都是江景房，住宿环境很优质
.
✨重庆吃喝玩乐攻略
📣 ：主打怀旧老巷子风，盖碗茶只要9.9可以无限续，还有多种特色甜品盖碗茶，又好吃又适合拍照
📣 ：重庆最接地气的市井火锅，装修很有重庆感jio，价格也是真的香，可以边吃边看洪崖洞，氛围感一整个拉满住！
📣 ：来重庆必须一尝的江小龙虾，味道很赞，很具重庆特色，性价比高，就是菜品偏辣
           ",,1680084038000,1680084038000,5b9da3c66b58b7694b226684,火锅儿妹妹,https://sns-avatar-qc.xhscdn.com/avatar/63f0a92c67341b9f427b9503.jpg,32,17,3,8,,"https://sns-img-hw.xhscdn.com/c9e75c4d-801a-7892-e2f0-6b6232a89800,https://sns-img-hw.xhscdn.com/d8b4d505-284f-b143-baa9-77b6119ced32,https://sns-img-hw.xhscdn.com/12260653-b3a4-be51-9a12-b256b5e937ed,https://sns-img-hw.xhscdn.com/f42dca9b-b566-d5dc-de11-9d3b9935f3bd,https://sns-img-hw.xhscdn.com/1fb06ae5-0852-772e-62f5-2b4aa768b2ed,https://sns-img-hw.xhscdn.com/b8fc7456-ce72-13de-9c10-295e6ae01160,https://sns-img-hw.xhscdn.com/7878df0d-37eb-86d2-26a5-41363186244d,https://sns-img-hw.xhscdn.com/2649bae8-9734-a3d4-e2e4-9b0890d5abba,https://sns-img-hw.xhscdn.com/0585a795-7da2-85c6-a4c7-ad2acece073d","重庆旅游打卡,重庆美食,重庆美食探店,重庆美食推荐,五一去哪玩,周末去哪儿,重庆九街,重庆来福士,重庆,旅途中的美景,白象居,鹅岭公园,北步园老火锅,山城步道,洪崖洞,小北茶馆,重庆老甘家,重庆旅游,罗中立美术馆,旅游,川美虎溪校区,解放碑,重庆拍照,老甘家小龙虾,磁器口,旅游攻略,朝天门,重庆观音桥,火锅,北步园,重庆李子坝,北仓文创街区,八一好吃街",1713149962950,https://www.xiaohongshu.com/explore/64240c4600000000270001b4
6422c8ee0000000027012c83,normal,重庆旅游种草VS避雷|土著吐血整理⚠️,"这一定是重庆旅游攻略的天花板了叭💓
总结了重庆好玩和踩坑的景点、好吃和踩坑的美食✔️直接秒杀全网🉑太赞了叭！爱了爱了❤️❤️
.
🌈重庆三天怎么玩？
.
🚨第一天行程
👉上午：解放碑→朝天门
🔹 ：建议住在解放碑
🔹 ：慢悠悠起个床到八一好吃街吃美食
🔹 ：在朝天门2号码头乘坐10元两江小渡去弹子石老街
👉下午：弹子石老街→南山一棵树
🔹 ：看看对面的来福士和大剧院，有时间也可以去龙门浩老街逛逛
🔹 ：逛完弹子石老街，建议打车去南山一棵树看重庆夜景
👉晚上：长江索道→洪崖洞
🔹 ：从长江索道南站乘坐长江索道去洪崖洞
🔹 ：在千厮门大桥和洪崖洞一楼拍照，才是最佳机位
🚨第二天行程
👉上午：李子坝→鹅岭二厂
🔹 ：去李子坝看轻轨穿楼，到观景平台拍照，不建议呆太久
🔹 ：文艺青年必去，拍照很出片哦
👉下午：罗中立美术馆→磁器口古镇
🔹 ：感受历史文化与艺术的全碰撞，拍照也炒鸡出片！一定要提前预约哦
🔹 ：千年古镇，这里的火锅底料不建议买，但是陈麻花一定要买，比超市买的好吃太多
👉晚上：北步园老火锅（戴家巷店）
🔹 ：来这里吃一顿正宗的重庆火锅吧，36个菜仅需188，无敌划算了
🚨第三天行程路线
👉上午：解放碑→小北茶馆
🔹 ：早上在解放碑吃一碗小面出发
🔹 ：去重庆特色茶馆体验敖瑞鹏的快乐，还有童年小吃三角粑哦
👉下午：涂鸦一条街→铁路四村
🔹 ：具有艺术气息，色彩感很强～
🔹 ：时光里的铁路四村，一排老铁轨，一排老房屋，肖战同款打卡地
👉晚上：观音桥→老甘家小龙虾江湖菜
🔹 ：重庆年轻人最多的商圈，深受本地人喜欢，这里还有非常潮的九街
🔹 ：地道重庆江湖菜，吃过的人都叫绝！常年本地人排队
      @小红书成长助手",,1680001262000,1680001262000,5b9da3c66b58b7694b226684,火锅儿妹妹,https://sns-avatar-qc.xhscdn.com/avatar/63f0a92c67341b9f427b9503.jpg,13,11,0,2,,"https://sns-img-bd.xhscdn.com/5e5329c9-5111-5bec-0b26-c0b52b8da6fe,https://sns-img-bd.xhscdn.com/5ddef2b6-8ad4-4b9e-2927-18c0d2c1e444,https://sns-img-bd.xhscdn.com/952e905d-c207-7cc9-6093-ec6c314faf5e,https://sns-img-bd.xhscdn.com/91cd3eff-c5f6-2195-3b0d-af9a5126f26b,https://sns-img-bd.xhscdn.com/f834ac4d-0722-968e-5ecf-5ab727cae73f,https://sns-img-bd.xhscdn.com/967a4316-e865-9527-32b9-5faaa5142af1,https://sns-img-bd.xhscdn.com/f71f1d1a-6774-68db-fdd2-44f543165cbf,https://sns-img-bd.xhscdn.com/4655fc36-8094-e50a-7723-918d3f33b3a0,https://sns-img-bd.xhscdn.com/69c5db4e-ad11-b1a8-5f3a-1b6c973928ff","解放碑,八一好吃街,朝天门,弹子石老街,南山一棵树,长江索道,洪崖洞,重庆李子坝,鹅岭二厂,罗中立美术馆,磁器口,北步园老火锅,重庆解放碑,小北茶馆,涂鸦一条街,铁路四村,重庆观音桥,老甘家小龙虾,周末去哪儿,重庆,重庆旅游,重庆拍照,重庆打卡,旅游",1713149962951,https://www.xiaohongshu.com/explore/6422c8ee0000000027012c83
642169680000000012031232,normal,重庆🚠热门景点解析|首刷小白必看🚨,"重庆热门景点解析天花板⚠️⚠️，想来玩的朋友们赶紧码住了❤️❤️好玩的地方都给大家安排好了✔️，根本不用动脑筋，直接照着找就行了🉑🉑
.
⭕️⭕️ 注意事项 ⭕️⭕️
.
1⃣最近重庆天气阴晴不定，出门一定要记得带伞
2⃣晴天跟雨天、昼夜气温差异比较大，很容易感冒，一定要带件厚外套跟厚外套，里面就一般穿搭就行，裙裤都可。
3⃣鞋子选择运动鞋或者平底鞋，重庆景点游玩需要走路的多，大多还是爬坡，一定不要穿高跟鞋，非常不方便
4⃣住宿选在解放碑、观音桥附近，出行方便，各种价格的酒店民宿都有
.
⭕️⭕️ 重庆三天两夜游玩经典路线 ⭕️⭕️
.
🚕Day1： 一 一 — — — —
🚕Day2： — — —
🚕Day3： 一 — 一 一
.
⭕️⭕️ 重庆八大特色美食 ⭕️⭕️
.
🍖
每天早上唤醒重庆人的是一勺鲜亮、喷香、瞬间撩动舌头的油辣子。
🍖
最主要特点就是酸辣，再加上一些配料，吃起来格外的爽口美味，配上一杯饮料更是完美。
🍖
种类丰富，口味多样，味道香脆可口，许多人专门去磁器口排队就是为了买上几袋磁器口麻花。
🍖
重庆的传统小吃。体积小，皮薄，甜度大而名，煮出来晶莹剔透，尝一口香甜软糯。
🍖
小龙虾消耗量在重庆一直都是 No .1，虾肉品质高、种类也多，连续3年上必吃榜，是重庆最好吃的小龙虾，没有之一
🍖
9.9的地道盖碗茶是重庆最传统的味道，梯坎、院坝非常有特色，三角粑和三角粑也是童年的小吃
🍖
藏在巷子里的居民楼火锅，可边吃边看洪崖洞的夜景哦，避免打挤。
       
@小红书成长助手 @薯队长",,1679911272000,1679911273000,5b9da3c66b58b7694b226684,火锅儿妹妹,https://sns-avatar-qc.xhscdn.com/avatar/63f0a92c67341b9f427b9503.jpg,14,12,0,3,,"https://sns-img-hw.xhscdn.com/4ece41a4-a28e-37df-bad4-93033bfc4de7,https://sns-img-hw.xhscdn.com/3af0caaf-9619-c09c-c18d-7c5330a7fecb,https://sns-img-hw.xhscdn.com/1d32f26d-07d8-e085-1dfa-2fd4ed3fe8c9,https://sns-img-hw.xhscdn.com/f74cba60-7eed-ad8d-c0d7-597a72d1499e,https://sns-img-hw.xhscdn.com/9f9753f4-2258-fdee-4ca3-4e5c81ad6787,https://sns-img-hw.xhscdn.com/75bbde16-2fbb-15f0-c3f2-0f05fde18ace,https://sns-img-hw.xhscdn.com/8790788d-4287-8ef5-81ad-f7f10fd98020,https://sns-img-hw.xhscdn.com/d6fec617-bf5c-395c-e076-0d42a0ff91a5,https://sns-img-hw.xhscdn.com/e807b82e-eefc-bf10-55c8-77d1aa071320","解放碑,八一好吃街,白象居,长江索道,龙门浩老街,洪崖洞,北步园老火锅,磁器口古镇,鹅岭公园,鹅岭二厂,重庆李子坝,鸿恩寺,重庆观音桥,北仓文创街区,老甘家小龙虾,重庆九街,重庆小面,酸辣粉,磁器口麻花,山城小汤圆,小北茶馆,周末去哪儿,重庆拍照,重庆打卡,重庆旅游,五一去哪玩,重庆旅行,重庆",1713149962952,https://www.xiaohongshu.com/explore/642169680000000012031232
641ec694000000000800f0e2,normal,去了趟重庆✈️这些景点真的太绝了💓💓,"🌈去了趟重庆，简直太绝了‼️这些景点我不允许还有姐妹们不知道，拍照真的巨巨巨无敌出片！谁懂啊真的好爱😭😭！赶紧点赞❤️+⭐️，去重庆get同款哟✔️
.
🌟重庆住宿选择
.
🏠解放碑：重庆母城，山城文化最浓厚的地方，交通出行方便，住宿首选
🏠观音桥：感受夜生活首选，本地人长驻商🏠南滨路：欣赏夜景，江边美景
🏠沙坪坝：学生党首选，价格最低
.
🌟重庆景点游玩建议
.
💖重庆夜景拍摄地：
壹华里夜景公园、南滨路、二厂天台、 wfc 观景台
💖适合小姐姐去的景点:
解放碑、洪崖洞、北仓文创街区、九街、朝天门、鹅岭二厂、钟书阁、涂鸦一条街、南滨路、罗中立美术馆、川美虎溪校区、观音桥、龙门浩老街
💖18楼姐妹们一定要打卡的景点：
长江国际、星卡里、魁星楼、懒鱼时光馆、林卡咖啡馆、得意世界、罗森(中山四路店)
💖需要预约的景点:
长江索道、三峡博物馆、罗中立美术馆、洪崖洞、重庆美术馆、重庆工业博物馆、渣滓洞、白公馆、南山一棵树
.
🌟重庆游玩需注意
.
⚠️周一别去的景点:
罗中立美术馆、三峡博物馆等
⚠️看洪崖洞夜景注意:
洪崖洞没有所谓的快速通道!
节假日人多的时候洪崖洞很难打车,可以步行到千厮门大桥对面再打车
⚠️在各个景点不要买:
⚠️扁担挑着卖的金西梅,不是新鲜水果,是俺剂品,口味甜得齁人
⚠️冒烟冰淇淋,加了液氮,很容易黏伤舌头
⚠️不要在景区买高价特产，超市或者网上价格更实惠
⚠️现切水果拼盘既不新鲜，价格又贵，建议超市水果店购买
⚠️重庆到处都是坡坡坎坎，平路少
不要穿高跟鞋出行,平底鞋、运动鞋最好
不要拖着行李箱出行,提前放酒店或寄存
.
🌟重庆必吃美食
.
📍重庆小面
（豌杂真的爱了）
📍
（龙虾真的好大个，超满足）
📍
（地道盖碗茶只要9.9很值）
📍
（边吃火锅边看洪崖洞，夜景绝了）
              @薯队长 @生活薯 @小红书成长助手 @城市情报官",,1679738516000,1679738516000,5b9da3c66b58b7694b226684,火锅儿妹妹,https://sns-avatar-qc.xhscdn.com/avatar/63f0a92c67341b9f427b9503.jpg,139,92,4,15,,"https://sns-img-bd.xhscdn.com/330ec75c-0d8b-1a15-f426-a7e3c04277de,https://sns-img-bd.xhscdn.com/6412850c-575c-a832-8ea0-f57c852a5d02,https://sns-img-bd.xhscdn.com/75f728ca-7b57-2beb-1abe-34ea949b47f7,https://sns-img-bd.xhscdn.com/0c81f8c4-1fc7-c5a2-0b53-531872b654db,https://sns-img-bd.xhscdn.com/ae661e6b-c957-62f3-fde1-68bad18542d3,https://sns-img-bd.xhscdn.com/96dbe61c-88c4-40db-3ef5-e53c8ccd44ef,https://sns-img-bd.xhscdn.com/7879a488-4bc0-d635-f1f5-31edf68ecb2e,https://sns-img-bd.xhscdn.com/5f7af78a-425a-6d16-ce3a-5c0fbf99da93,https://sns-img-bd.xhscdn.com/aaa7ea6e-fbd6-c476-e57d-c529eab9dcf0","老甘家小龙虾,小北茶馆,北步园老火锅戴家巷店,周末去哪儿,重庆,重庆拍照,重庆打卡,重庆旅行,重庆探店,旅途中的美景,五一去哪玩,重庆火锅打卡,拍照圣地,美食探店,重庆美食,美食",1713149962953,https://www.xiaohongshu.com/explore/641ec694000000000800f0e2
641d78140000000013016098,normal,重庆旅游十大经典景点📸太绝了‼️‼️,"又是一年一度最适合重庆旅游的时候啦👯👯没有冬天的雾❤️，也没有夏季的高温💚，喜欢重庆的姐妹们一定要四五月份来呀💘
.
🛍🛍——行李准备
.
👚证件：身份证、学生证
👚物品：护肤化妆品、换洗衣物、防晒、洗漱用品、口罩
👚日用：充电器、耳机、相机、创口贴、伞
.
🎏🎏——参考路线
.
📸DAY ①： → → → → →
📸DAY ②： → → → →
📸DAY ③： → → → → → →
.
⚠️⚠️——重庆旅游小贴士
.
✨假期来重庆旅游要提前预定好酒店，不然到时候价格会猛涨
✨在重庆使用地图有点不精准，不知道的问问本地人更合适
✨游玩景点注意开馆闭馆时间，罗中立美术馆、三峡博物馆等周一不开放
✨住宿可住在解放碑附近，吃住行比较方便
✨在重庆不要穿高跟鞋，爬坡让人绝望
✨别在景区买特产，价格贵又不实惠
✨重庆旅游没有请导游的必要，自由行就可
✨重庆夜景免费打卡地：壹华里夜景公园、长嘉汇、鹅岭公园、南滨路、涂山公园
.
🍟🍟——美食分享
.
🛎
开在居民楼里的地道老火锅，188元36道菜我真的爱惨了！性价比巨高！味道也很赞👍
🛎
来重庆必吃的小龙虾馆，是重庆本地人心中小龙虾界的扛把子！蒜蓉小龙虾不愧是招牌，浓郁的蒜香真的上头！不过对于爱吃辣的我来说，老甘香辣小龙虾更是我的心头好去！！
🛎
来重庆必打卡的盖碗茶，整个装修风格就是七八十年代的怀旧风，超适合小姐妹拍照！也是重庆首创甜品盖碗茶，房琪、敖瑞鹏、高光伟都来打过卡，真的赞爆！！
       
@小红书成长助手 @薯队长",,1679652884000,1679652884000,5b9da3c66b58b7694b226684,火锅儿妹妹,https://sns-avatar-qc.xhscdn.com/avatar/63f0a92c67341b9f427b9503.jpg,11,8,0,1,,"https://sns-img-hw.xhscdn.com/2990142c-5c11-2dae-3dcd-6f7bf759eac8,https://sns-img-hw.xhscdn.com/2bd49de9-3a00-1a6a-8c52-67e17a6a9a53,https://sns-img-hw.xhscdn.com/7289df18-fb92-124b-672e-e2f26c22873b,https://sns-img-hw.xhscdn.com/f05874b5-2aa2-a3f4-4c74-dd6e6ac1a68f,https://sns-img-hw.xhscdn.com/69881e86-6e49-42ca-7214-c143e7e57304,https://sns-img-hw.xhscdn.com/99847826-5679-f23b-5a35-18449350e35e,https://sns-img-hw.xhscdn.com/5dfbd09d-9d09-509e-2f63-09deeb724bf9,https://sns-img-hw.xhscdn.com/38923822-be4c-f782-dbc8-1e5ad703158d,https://sns-img-hw.xhscdn.com/aec291c4-d6f7-9095-183a-8a572df0ca32","解放碑,长江索道,八一好吃街,重庆来福士,北步园老火锅,洪崖洞,磁器口古镇,川美虎溪校区,罗中立美术馆,鹅岭二厂,鹅岭公园,钟书阁,重庆李子坝,三峡博物馆,涂鸦一条街,北仓文创街区,老甘家小龙虾,重庆九街,北步园老火锅戴家巷店,小北茶馆,周末去哪儿,重庆拍照,重庆打卡,火锅,本地人去哪玩,五一去哪玩,重庆,旅游",1713149962954,https://www.xiaohongshu.com/explore/641d78140000000013016098
6419806c00000000130067e0,normal,首刷重庆必看|土著不允许还有宝不知道⚠️,"不要再问重庆有哪些旅游景点了，私信已被问爆😭😭，已连夜整理好了重庆人和外地人在重庆游玩的区别，也给到大家一些旅行地建议和美食的推荐！希望能够帮助来重庆的姐妹排排雷！！💣💣💣
.
💗💗交通出行💗💗
.
✅重庆出行首选轻轨🚠，重庆的轨道交通十分的发达，可以到达大部分的景点
✅公交车🚌比较的堵，不推荐乘坐公交车出行
✅重庆的出租车一定要认准黄色“法拉利”🚕，在非常赶时间的时候可以试试出租车，一般都能准时送达😎
.
💗💗路线推荐💗💗
.
1⃣Day：—————
2⃣Day：——
3⃣Day：（中迪广场）一
.
💗💗美食盘点💗💗
.
🌈 ：本地人都排队打卡的地道居民楼老火锅，正宗的红汤牛油锅底，188元36道菜吃得超满足！！
🌈 ：他家的小龙虾为镇店之宝，宝子们一定要冲冲冲！招牌铁山坪麻麻鸡、秋秋妹耙凤爪一抿就脱骨，吃到你停不下来
🌈 ：具有巴渝特色的小茶馆超有格调，在这里可以点杯盖碗菜坐一下午，还有各种童年小吃
          
@薯队长 @生活薯 @小红书成长助手 @城市情报官",,1679392876000,1679458051000,5b9da3c66b58b7694b226684,火锅儿妹妹,https://sns-avatar-qc.xhscdn.com/avatar/63f0a92c67341b9f427b9503.jpg,8,10,0,3,,"https://sns-img-bd.xhscdn.com/1000g00827icli5qfi06g4b0ia7hscpk452ds51o,https://sns-img-bd.xhscdn.com/1000g00827icli5qfi05g4b0ia7hscpk4m6d4doo,https://sns-img-bd.xhscdn.com/1000g00827icli5qfi04g4b0ia7hscpk4ac6blc8,https://sns-img-bd.xhscdn.com/1000g00827icli5qfi0304b0ia7hscpk4jbv52ho,https://sns-img-bd.xhscdn.com/1000g00827icli5qfi03g4b0ia7hscpk40agihmo,https://sns-img-bd.xhscdn.com/1000g00827icli5qfi02g4b0ia7hscpk4jvhciuo,https://sns-img-bd.xhscdn.com/1000g00827icli5qfi00g4b0ia7hscpk4jq7sr40,https://sns-img-bd.xhscdn.com/1000g00827icli5qfi0404b0ia7hscpk4ipqne9o,https://sns-img-bd.xhscdn.com/1000g00827icli5qfi0204b0ia7hscpk4tp24v9o","解放碑,国泰艺术中心,八一好吃街,山城步道一,十八梯一,千厮门大桥,洪崖洞,北步园老火锅,解放碑一,皇冠大扶梯一,鹅岭二厂一,轻轨李子坝站一,磁器口一,北仓文创街区,老甘家小龙虾,九街,钟书阁,四川美术学院黄角坪校区一,小北茶馆一,弹子石老街一,南滨路一,重庆北站,北步园老火锅戴家巷店,小北茶馆,周末去哪儿,五一去哪玩,重庆,重庆旅行,重庆旅游,重庆拍照,重庆打卡,重庆探店,重庆美食,旅行,重庆老火锅",1713149962955,https://www.xiaohongshu.com/explore/6419806c00000000130067e0
641837a4000000001402700d,normal,重庆热门景点合集💥史上最全‼️‼️,"🌈虽然离五一还有一个多月，但姐妹们一定也和我一样，想旅游的心早就已经按耐不住了叭～👯👯
作为重庆本地人，忍不住要分享给大家重庆的景区🏖有哪些？这一定一定是最全的一篇合集了㊙️！！总结了各个景点和美食🉑！收藏❤️+⭐️这篇，你就是最懂重庆的girl～👧不踩坑不绕路，熟到飞起～✈️✈️
.
————🙅重庆景点避坑🙅————
.
💔皇冠大扶梯并不好玩！!
💔来福士真的没必要专门去！!
💔华生园梦幻城堡的美是靠 P 出来的！！
💔千万不要去磁器口买特产！!
💔两江游不如怀旧轮渡！!
💔谁说钟书阁可以带相机的！!
.
————🏰重庆住宿建议🏰————
.
💚酒店：订酒店可以先看看评价，解放碑三条轻轨线，是交通最方便的，离各个景区也近，但价格相对会贵一点
💚民宿：有的民宿性价比会比酒店高，一定要好好挑选，舒适度一定要高！
💚青年旅舍：价格比较便宜，预算较少的学生党可以考虑下
.
————🚘重庆交通指南🚘————
.
💜轨道交通：出行非常的方便，基本上重庆的各个景点都能到达，是出行的不二选择哦！
💜出租车：人生地不熟的地方选择出租车墓好不过啦！
💜租车：如果去一些比较偏远的小众景点有驾照的朋友们也可以选择租车哦！
.
————💥不容错过的美食💥————
.
🧡真的没必要特意去网红小面店打卡！!
🧡 特别复古、有氛围感，适合小姐妹们喝茶聊天，拍照也巨出片！！
🧡千万不要买那种颜色很鲜艳的金西梅！!
🧡认准一只酸奶牛！！不要买到冒牌的！!
🧡江湖菜小龙虾不能错过
🧡地道高性价比的老火锅一定要吃
          
@薯队长 @生活薯 @城市情报官 @小红书成长助手",,1679308708000,1679308709000,5b9da3c66b58b7694b226684,火锅儿妹妹,https://sns-avatar-qc.xhscdn.com/avatar/63f0a92c67341b9f427b9503.jpg,7,7,0,1,,"https://sns-img-hw.xhscdn.com/ba7af3e8-c144-9d4a-b679-23ca1a85e47c,https://sns-img-hw.xhscdn.com/42d21b42-9c41-26f1-40af-546ad22837dc,https://sns-img-hw.xhscdn.com/0d56cd91-3bcc-4964-fc6c-ceb2665ebf6b,https://sns-img-hw.xhscdn.com/9e7fb8e4-937a-37c5-bee8-d04a7cc1154d,https://sns-img-hw.xhscdn.com/62025b7a-fb58-e4ea-7a24-c72c1c16c050,https://sns-img-hw.xhscdn.com/285b8625-823b-7d3d-8de2-963f167b4ee6,https://sns-img-hw.xhscdn.com/880489ba-cdd7-eb70-9d7e-7e97aa4b0295,https://sns-img-hw.xhscdn.com/9c756099-c19f-fb8e-97e4-d01876fd885c,https://sns-img-hw.xhscdn.com/4321501b-5deb-c00e-17ed-7571cd5a37c9","周末去哪儿,重庆,重庆旅游,重庆拍照,重庆打卡,重庆旅行,重庆美食,旅游,旅游攻略,火锅,五一去哪玩,小北茶馆,北步园老火锅,老甘家小龙虾江湖菜",1713149966713,https://www.xiaohongshu.com/explore/641837a4000000001402700d
6416dd35000000001203126b,normal,来重庆必去的14个景点🔥土著干货分享💢,"🌈五一就快要到了，计划来重庆但还不知道去哪玩的姐妹们就看这篇啦👇👇👇
土生土长的重庆妹儿💓已经替你们熬夜整理出了最热门的景点攻略，总结了哪些玩法正确哪些玩法错误‼️保证各位姐妹们不踩坑，少走弯路！看见就是老天在帮你，一定要收藏哟💢
——
💓💓💓重庆3天2夜旅游路线参考～
-
🌈第一天：→ → →→ → → →
🌈第二天： → → → → →
🌈第三天： → → →
——
💓💓💓重庆住宿选择～
-
✨距离景点最近，多数人的选择：解放碑
✨欣赏重庆夜景，情侣浪漫约会：南滨路
✨有更高性价比，年轻夜猫子来：观音桥
✨出站就是商圈，但离景点较远：沙坪坝
——
💓💓💓重庆交通情况～
-
✈️到解放碑65分钟：江北机场
✈️到解放碑40分钟：沙坪坝站
✈️到解放碑25分钟：重庆北站
✈️到解放碑45分钟：重庆西站
——
💓💓💓重庆美食推荐～
💥
💥
💥
💥
💥
💥
——
希望姐妹们在重庆玩得愉快呀～
还有什么问题都可以问哦💕
          
@薯队长 @生活薯 @小红书成长助手 @城市情报官@生活研究所
",,1679220021000,1679660909000,5b9da3c66b58b7694b226684,火锅儿妹妹,https://sns-avatar-qc.xhscdn.com/avatar/63f0a92c67341b9f427b9503.jpg,1265,983,46,363,,"https://sns-img-hw.xhscdn.com/5f080233-40b9-68ce-6816-b618ba11344c,https://sns-img-hw.xhscdn.com/a5378bf8-dc4e-4ac6-331b-89b01fd2791d,https://sns-img-hw.xhscdn.com/d6210f1d-e7cd-3466-994e-8aa16cc2e1dc,https://sns-img-hw.xhscdn.com/672de52c-21a9-d9d7-472c-a4dd6c9e1e24,https://sns-img-hw.xhscdn.com/caaeb910-cdc5-19e5-7293-1df28e574eac,https://sns-img-hw.xhscdn.com/81846bf1-10ce-f449-9f5f-f56170c8cbde,https://sns-img-hw.xhscdn.com/ad42a711-0b69-194b-2cd5-b8c6a7b489ab,https://sns-img-hw.xhscdn.com/68d741d8-8e0d-206e-6ae2-1c8f25f3e2f2,https://sns-img-hw.xhscdn.com/e857f7ea-99f8-5058-899c-07c9b46d8a83","解放碑,八一好吃街,两江小渡,长江索道,弹子石老街,千厮门大桥,洪崖洞,北步园老火锅,皇冠大扶梯,鹅岭二厂,重庆李子坝,重庆观音桥,重庆九街,老甘家小龙虾江湖菜,湖广会馆,山城步道,磁器口,罗中立美术馆,老甘家小龙虾,油茶,小北茶馆,重庆小面,胡记蹄花汤,周末去哪儿,重庆,重庆旅游,旅游,旅游攻略,重庆打卡,重庆美食,重庆探店,五一去哪玩,重庆火锅,重庆拍照",1713149966715,https://www.xiaohongshu.com/explore/6416dd35000000001203126b
641593ca000000000800c238,normal,㊙️这大概是重庆旅游最全的景点合集了,"求求大数据推给五一来重庆旅游的姐妹们吧😭😭作为土生土长二十多年的重庆girl，不想再看到你们踩坑受骗了💔💔
姐妹们不要再找啦，这一定是重庆最全的景点合集了⚠️先码住✅不怕到时找不到噢🉐
.
🌈🌈重庆经典旅游胜地
.
📍
📍
📍
📍
📍
📍
📍
📍
📍
📍
📍
📍
📍
📍
📍
📍
📍
📍
📍
📍
📍
📍
📍
📍
📍
📍
📍
📍
📍
.
🌈🌈重庆必吃美食
.
👉熨斗糕
重庆传统小吃，又甜又酥脆，里面软软糯糯，小时候的味道
👉油茶
细腻的迷糊配上香脆的臊子、香菜、咸菜、油辣子、味道绝绝子
👉重庆小面
鲜亮喷香的油辣子加上特色小料，口口入味，回味延绵
👉
当之无愧为重庆第一的小龙虾
👉烤苕皮
焦香软糯，咸香浓郁，烟火气十足
👉拇指生煎包
外焦里嫩，馅料十足，一口一个
👉怪味胡豆
麻辣香甜，非常清脆
👉
地道的老重庆盖碗茶，盖碗茶品种多样，甜品吃到饱
👉炸酥肉
肥瘦相间，每根都很酥脆，咬开还会流油，还有花椒提味
👉酸辣粉
糯叽叽的粉裹上浓郁的酱汁，酸辣爽口，回味无穷
👉磁器口麻花
重庆特色小吃，香香脆脆，多种味道可选，送人自己吃都不错
👉山城小汤圆
重庆传统小吃，体积小，皮薄，甜到心里
👉
地道九宫格火锅，味正浓厚，菜品多样，价格实惠
  ",,1679135690000,1679135691000,5b9da3c66b58b7694b226684,火锅儿妹妹,https://sns-avatar-qc.xhscdn.com/avatar/63f0a92c67341b9f427b9503.jpg,159,133,3,27,,"https://sns-img-qc.xhscdn.com/2a3d970a-2f89-b231-d6fe-ca00516e49a6,https://sns-img-qc.xhscdn.com/3057c180-07c3-b984-1cda-23d8d0fb8f64,https://sns-img-qc.xhscdn.com/d2e4612e-d00f-84cd-9efe-f1ef507b5f29,https://sns-img-qc.xhscdn.com/fd551193-a5dc-5350-210b-8ea0555ac689,https://sns-img-qc.xhscdn.com/c76726b7-8761-1a15-dbe3-fa6209359a41,https://sns-img-qc.xhscdn.com/3bf85c39-77bd-a6ec-5fb4-bbca005582f3,https://sns-img-qc.xhscdn.com/fc00ab3e-88e7-19d9-9a45-0423f9c1f13b,https://sns-img-qc.xhscdn.com/0378486d-cefd-7fd6-c549-a79f4a11d451,https://sns-img-qc.xhscdn.com/274a0c69-2489-8e60-7961-6ca8bb5a96d5","洪崖洞,磁器口,解放碑,朝天门码头,八一路好吃街,罗中立美术馆,鹅岭二厂文创园,山城巷,重庆朝天门长江大桥,千厮门大桥,华生园梦幻城堡,鹅岭公园,重庆环球购物中心,南滨路,重庆南山植物园,龙门浩老街,重庆动物园,钟书阁,皇冠大扶梯,两江小渡,重庆十八梯,弹子石老街,壹华里夜景公园,涂鸦一条街,中山四路,重庆人民大礼堂,南山一棵树,长江索道,重庆李子坝,老甘家小龙虾,小北茶馆,北步园老火锅戴家巷店,周末去哪儿,五一去哪玩,重庆",1713149966717,https://www.xiaohongshu.com/explore/641593ca000000000800c238
6412f5a60000000013017852,normal,救命🆘娘娘们出宫来重庆旅游啦😱😱,"听说娘娘们出宫来重庆旅游啦，对于我这样一个深度的甄嬛迷和重庆迷来说简直不能再爱了吧💓，看看嬛嬛和渣渣龙们旅游都怎么玩呢👻
要来重庆的姐妹们一定要收藏好同款景点，不怕到时找不到哟‼️全网只此一篇，绝不踩雷，重庆人不骗重庆人😭😭
.
景区1⃣：洪崖洞
第一站娘娘们就来了重庆最火爆的景点，独特的吊脚楼式建筑将⑧D城市的特色展现得淋漓尽致，漂亮的嬛嬛不由得跳起了小舞，可真太美了吧🤩
景区2⃣：长江索道
第二天嬛嬛和渣渣龙一起去坐了索道，两人靠得如此之近，渣渣龙难免会有小心思😠
景区3⃣：解放碑
即便见惯了各种皇宫美景也还是被重庆母城地标给惊叹到👏
景区4⃣：李子坝
娘娘们好兴致呀！爆火的景点不拍照居然写起了毛笔字😹
景区5⃣：鹅岭二厂
华妃还能有如此调皮的时候，爱了爱了💕
景区6⃣：皇冠大扶梯
渣渣龙知不知道嬛嬛和果郡王悄悄出门私会了呢🤔
景区7⃣：人民大礼堂
祺贵人拍照的位置真的好出片噢，背后的大礼堂绝了🙊
景区8⃣：磁器口古镇
嬛嬛可真是个小机灵鬼👻
景区9⃣：山城步道
爬坡上坎已累哭，今天是严肃的girl，嬛嬛劝大家来重庆一定要穿平底鞋呀，对8D城市一定要心存敬畏⚠️
景区1⃣0⃣：罗中立美术馆
猜猜嬛嬛又在想什么鬼点子呢😁
景区1⃣1⃣：弹子石老街
花心渣渣龙不招人待见，此刻只有抱抱小皇子才显得不那么独孤了😆
景区1⃣2⃣：九街
嬛嬛和果郡王乘着黄色法拉利又悄悄跑到年轻人聚集地-九街去过夜生活啦😎
景区1⃣3⃣：来福士
娘娘们甩掉渣渣龙在来福士拍起了游客照，笑不活啦😹
景区1⃣4⃣：两江小渡
嬛嬛在齐妃在江上说起了自己的心事😞
景区1⃣5⃣：南滨路
嬛嬛和果郡王也太不把渣渣龙放在眼里了吧😄这几天不是这里抱就是那里抱，不过我喜欢，哈哈
景区1⃣6⃣：华生园梦幻城堡
嬛嬛和果郡王倒是玩得开心了，穿着粉色小裙裙站在梦幻城堡前边，此刻就是漂亮小公主，谁见谁不爱呀💘
.
美食1⃣：
不愧是重庆第一的小龙虾，获得了渣渣龙和皇后的一致好评，众人连连叫好👍👍
美食2⃣：
娘娘茶话会，每人都有小心思
美食3⃣：
嬛嬛和安小鸟悄悄说：“下次我们自己悄悄出来吃火锅，不带渣渣龙，这家可太绝了”
 
@小红书成长助手",,1678964134000,1678964135000,5b9da3c66b58b7694b226684,火锅儿妹妹,https://sns-avatar-qc.xhscdn.com/avatar/63f0a92c67341b9f427b9503.jpg,6,5,0,2,,"https://sns-img-qc.xhscdn.com/b57beee5-b476-5526-2ead-c33f113d1efa,https://sns-img-qc.xhscdn.com/0674ab84-6641-6d2b-c7a0-1dcfbccb8907,https://sns-img-qc.xhscdn.com/117a4cc0-7caa-598b-650f-fec6acaa87a2,https://sns-img-qc.xhscdn.com/55555eca-a882-49a8-ac07-d2f534a1694b,https://sns-img-qc.xhscdn.com/8270254f-5a83-997e-034a-a3d649f2d32c,https://sns-img-qc.xhscdn.com/b7c4d5a8-ef33-6114-7c72-a70b50d62d63,https://sns-img-qc.xhscdn.com/32386449-6a28-e5d4-b36b-89c06e4ce61c,https://sns-img-qc.xhscdn.com/995c54b1-b3fc-7f25-d172-bc954d5a0d85,https://sns-img-qc.xhscdn.com/58b5a9ed-729b-e3e8-b94e-22b9bf8b1174","老甘家小龙虾,小北茶馆,北步园老火锅戴家巷店,五一去哪玩,重庆旅游",1713149966718,https://www.xiaohongshu.com/explore/6412f5a60000000013017852
6403215300000000130016bc,normal,🌈3-5月重庆旅游🚠超详细好用攻略💯,"😷全面放开后的旅行第一站，十八楼集美们当然是要选择重庆啦‼️趁着夏天还没到赶紧去吹一吹嘉陵江的晚风吧💕
.
🌈重庆市内交通
轨道交通＞出租车／专车＞公交车
🚡重庆的地铁和轻轨线路很多，可以覆盖主城区大部分景点，经济实惠的出行选择
🚡出租车白天起步价10元，夜间起步价11元，也可以在打车软件上一口价喊专车
🚡山城重庆碰上早晚上下班高峰期很堵，虽然票价只有2元，但会很浪费在路上的时间
.
🌈重庆四日游路线规划
DAY1： 一 一 — 一
DAY2： 一 一 一 -
DAY3： 一 一 一
DAY4： 一 — — — —
.
🌈重庆美食

重庆销量第一的小龙虾，肉质爆满Q弹，裹满了酱汁，嗦一口超满足，还有多种口味可选哦！不能吃辣的可以建议选招牌蒜蓉小龙虾，人多就选择海鲜盛宴，好吃到真的停不下来！！！

get敖瑞鹏、高光伟等多个明星同款打卡地，在80年代老居民楼的天井里，坐着竹椅喝着9.9的盖碗茶，一坐一下午，氛围感巨足拍照巨出片！！
（戴家巷店）
洪崖洞老居民楼下的江景火锅，188元吃36个菜，真的太哇塞了！盖碗火锅便宜又好吃步行不到一分钟就可以赏洪崖洞、千厮门大桥、嘉陵江江景....店里环境偏复古，没啥装修，楼上都是老居民了，火锅很便宜！！
         
@薯队长 @生活薯  @走走薯 @城市情报官 @小红书成长助手",,1677926739000,1677926740000,5b9da3c66b58b7694b226684,火锅儿妹妹,https://sns-avatar-qc.xhscdn.com/avatar/63f0a92c67341b9f427b9503.jpg,16,12,0,5,,"https://sns-img-hw.xhscdn.com/56962513-96d7-78d9-0c29-b6491a1208fc,https://sns-img-hw.xhscdn.com/910390ac-c95e-6e6d-11bc-f3c71b94766c,https://sns-img-hw.xhscdn.com/2b3eafe5-36f9-a00e-6399-85232564e02c,https://sns-img-hw.xhscdn.com/ab2398de-3dc0-4ebd-40ca-6d91a04b1c52,https://sns-img-hw.xhscdn.com/2fe80261-93a9-54b8-541f-47852ebda456,https://sns-img-hw.xhscdn.com/e92e0149-fa5e-e403-48ec-b1a8b04094f3,https://sns-img-hw.xhscdn.com/dd57ac27-044a-6424-ea90-3e88a7dcd0c2,https://sns-img-hw.xhscdn.com/f0fc0b32-dd26-3309-3c34-886827462457,https://sns-img-hw.xhscdn.com/91dbc33d-0807-7a3e-ef3e-e5921a2948d3","解放碑,八一好吃街,白象居,洪崖洞,千厮门大桥,长江索道,龙门浩老街,鹅岭二厂,鹅岭公园,李子坝,三峡博物馆,中山四路,黄角垭老街,南山一棵树,重庆来福士,朝天门,两江小渡,弹子石老街,观音桥步行街,重庆九街,老甘家小龙虾,重庆打卡,重庆美食,重庆火锅,重庆探店,重庆拍照,重庆旅行,重庆攻略,重庆旅行攻略,小北茶馆,重庆旅游,北步园老火锅,重庆",1713149966720,https://www.xiaohongshu.com/explore/6403215300000000130016bc
6401cc840000000013004298,normal,完整版超全重庆旅游攻略㊙️ 懒人必备‼️,"据说春节期间中国🇨🇳13亿人，其中8亿都去了重庆！ 所以这里也为大家整理好了重庆各区景点合集💓，希望能够给到来重庆的集美一点帮助🙏🙏
.
🌈江北区：
✅观音桥：逛街吃饭两不误，还有小吃街。
✅九街：帅哥美女众多，年轻人最爱去的地方。
✅北仓文创园：开在商圈周围的小众打卡地，比较适合文艺青年。
✅重庆大剧院：晚上在大剧院外面与它合影，但是进去需要按场次购票
.
🌈沙坪坝区：
✅磁器口：特色景区，但不建议在里面买东西。
✅歌乐山：山城里的最后一方净土，郁郁葱葱的大树很治愈，附近还有很多宝藏美食。
✅罗中立美术馆：川美里面的美术馆。
.
🌈渝中区：
✅解放碑：重庆地标建筑，来重庆必须合影。
✅长江索道：可以体验一下重庆以前的交通。
✅白象居：明星同款打卡地，小众打卡地。
✅洪崖洞：洪崖洞夜景一绝，必去景点之一。
✅来福士：体验8D重庆的感觉，不一样的建筑。
✅李子坝：来李子坝观景台体验""吃轻轨""。
✅皇冠大扶梯：适合顺路打卡。
✅八一好吃街：超多好吃的小吃，便宜有特点，适合晚上来这里吃小吃。
✅鹅岭二厂：文艺青年的小众打卡地。
✅山城步道：体验重庆爬坡上坎的乐趣。
.
🌈九龙坡区：
✅川美涂鸦街：文艺青年必去，拍照出片。
✅重庆动物园：全国熊猫最多的动物园。
✅钟书阁：哈利波特的感觉，适合拍照打卡。
.
🌈南岸区：
✅南滨路：可以在这里吹吹晚风，散散步。
✅弹子石老街：晚上的灯光一绝，拍照超好看。
✅长江国际：十八楼少女必去，但是希望不要打扰到他们，远远的合照就好。
✅龙门浩老街：历史悠久的老街，可以在这里体验老重庆的市井气息。
✅南山一棵树：在这里可以看到大半个主城区的夜景，特别美特别震撼。
.
🌈渝北区：
✅园博园：适合与家人一起，拍照散步。
✅悦来美术馆：可以去里面看展览拍照打卡。
✅欢乐谷：欢乐谷不用多说，记得带上学生证。
.
🌶美食推荐
（洋河总店）

（戴家巷店）
       
@薯队长 @生活薯 @走走薯 @小红书成长助手 @城市情报官",,1677839492000,1677840189000,5b9da3c66b58b7694b226684,火锅儿妹妹,https://sns-avatar-qc.xhscdn.com/avatar/63f0a92c67341b9f427b9503.jpg,38,18,0,7,,"https://sns-img-qc.xhscdn.com/9b98245b-c7dc-1bdc-1f52-b5d08bce3a66,https://sns-img-qc.xhscdn.com/3c732792-9009-3d7e-babb-cb595ffa2101,https://sns-img-qc.xhscdn.com/94ba1fdf-ca01-5e11-5071-7786cd6fd608,https://sns-img-qc.xhscdn.com/b279627b-889d-6e16-03ce-fdf451cda953,https://sns-img-qc.xhscdn.com/80bc5696-3586-3f10-cb8c-9d4c70e0ee97,https://sns-img-qc.xhscdn.com/d0aa40c8-df58-2d55-f30f-d9cd51db15b7,https://sns-img-qc.xhscdn.com/723e18fa-01fd-6fa4-3348-66726c9301d6,https://sns-img-qc.xhscdn.com/ae29cad3-0021-b15a-14eb-bab48fe2f423,https://sns-img-qc.xhscdn.com/3d02caea-a224-6269-a07e-2a93df6fe2a0","老甘家小龙虾,小北茶馆,北步园老火锅,重庆火锅,重庆旅行,重庆景点,重庆拍照,重庆拍照旅行小众打卡,重庆攻略,重庆旅行攻略",1713149966721,https://www.xiaohongshu.com/explore/6401cc840000000013004298
63ff25ee0000000014027485,normal,去重庆再也不当冤大头了💔纯经验避雷贴✅,"3、4、5月份来重庆旅游的集美、闺蜜、兄弟、学生党们，看见这篇就赶紧点赞收藏吧，不怕找不到‼️‼️浏览全网小红🍠，发现真正能用上的攻略不多啦☹️这里根据自己的经验总结出了一些小攻略，来重庆旅游的话希望能帮上你们❤️❤️
.
来重庆
【值得VS不值得做的事】
👇👇👇
.
❌不要在大街上漫无目的的走或到达后再随便找住宿
✅在出发前就提前预定酒店，特别是节假日价格会翻倍的涨还有可能订不到的情况
.
❌来重庆旅游不建议选择跟团
✅来重庆完全没必要跟团，很适合自由行，大部分景点都在地铁站附近交通非常便利，一般3-4天时间就足够了
.
❌来山城旅游一定不要穿高跟鞋
✅重庆属于山城爬坡上坎很多，走多了脚会很疼，平底鞋才是正确的选择
.
❌不知道地方的时候不建议去找老年人问路
✅中老年人的川普多数外地人听不懂，最好选本地年轻人问路，重庆人大部分都好热情，地图软件有时候不管用，这个时候找本地人问路就很赞
.
❌去石并坡彩色房子拍照打卡，那里就是普通的居民楼
✅可以去涂鸦一条街，这里不仅是【少年的你】小北同款拍摄地，还有很多超出众的涂鸦，超级出片哦
.
❌不要仅在李子坝观景台拍照
✅直接乘坐轻轨2号线第一节车厢，感受穿越居民楼才是正确的打开方式，如果实在想去观景台的建议打卡就走
.
【美食打卡】
.
🌶 ：是重庆小龙虾的扛把子每天排队爆满，营业到凌晨，很多老重庆人都排队吃。
🌶 ：东华帝君跟抖音网红房琪打卡的重庆首家甜品盖碗茶，五花八门的甜品吃到嗨，还有9.9的盖碗茶，和姐妹约上一坐一下午，不要太惬意！
🌶 ：在居民楼下巷子里的正宗重庆老火锅，可以直接封神！！本地人都认可的九宫格火锅绝对不会差！188元36个菜满满一大桌，真的巨巨巨划算。
.
      
@走走薯 @生活薯 @薯队长 @城市情报官 @小红书成长助手",,1677665774000,1677665774000,5b9da3c66b58b7694b226684,火锅儿妹妹,https://sns-avatar-qc.xhscdn.com/avatar/63f0a92c67341b9f427b9503.jpg,23,16,2,3,,"https://sns-img-bd.xhscdn.com/dde7def0-9442-5c5b-000c-e39ab20d6aa3,https://sns-img-bd.xhscdn.com/f675c64f-b378-1d09-9c3e-a327eacf2fbf,https://sns-img-bd.xhscdn.com/ce97b24c-06ba-5dd9-df13-f9885e5c3526,https://sns-img-bd.xhscdn.com/b5c8d687-8df1-0eb2-8546-8c61e644e396,https://sns-img-bd.xhscdn.com/092fa88a-ee09-e222-9008-279fd4cd2aa4,https://sns-img-bd.xhscdn.com/177a2522-668a-2d3d-0495-008897a46a3b,https://sns-img-bd.xhscdn.com/ca7e8c89-5aaa-c2af-5f39-7e7d876b8600,https://sns-img-bd.xhscdn.com/7b387ca6-5452-e5d8-cdfa-70cceaa73cea,https://sns-img-bd.xhscdn.com/e9377519-129d-d8a7-0d99-cd3822b3eacf","老甘家小龙虾,小北茶馆,北步园老火锅戴家巷店,旅行,重庆旅行,重庆美食,打卡,拍照,重庆旅游打卡攻略,重庆",1713149966722,https://www.xiaohongshu.com/explore/63ff25ee0000000014027485
63fdda6f00000000130172ba,normal,刚从重庆旅游回来，就很离谱…💔💔,"刚去完重庆🚠才知道，很多景点根本不是网上说的那样子，实际的消费和我所去过的很多城市相比，真的是很低啦💕，而且各种美食带来的诱惑真的让人没法抗拒呀！！这篇攻略真的是很用心在整理💓💓，希望3⃣4⃣5⃣月来的姐妹，能够少踩些坑✅
.
【住宿选择】
.
🚕交通出行便利：住在解放碑真是去哪都近，且几个知名的景点也都在附近
🏞看江景：在南滨路看江景很赞，那边也有很多民宿，提前半个月订要便宜些
🏡住民宿：在观音桥也是很不错的选择，周边的吃的都是本地人会去吃的，吃喝玩乐多，交通方便。
.
【重庆行程规划】
.
♻️DAY 1⃣： ﹣﹣ ﹣﹣﹣﹣ ﹣﹣
♻️DAY 2⃣:﹣﹣ ﹣﹣ ﹣﹣﹣﹣ ﹣﹣
♻️DAY 3⃣: ﹣﹣ ﹣﹣  ﹣﹣ ﹣﹣ --
♻️DAY 4⃣: ﹣﹣ ﹣﹣﹣﹣ ﹣﹣ ﹣﹣
.
【重庆交通 】
.
🚘江北机场一解放碑
🌀planA :   乘坐机场大巴15／人
🌀planB ：轨道10号线在红土地乘坐6号线在小什字下
🌀PlanC ：网约车或打车，约60元
🚘重庆北站﹣﹣解放碑
🌀planA :   乘坐高铁快线G04路，10元／人
🌀planB ：轨道10号线在红土地换乘6号线在小什学下
🌀planC ：打车约30元
🚘重庆西站﹣解放碑
🌀planA ：乘坐高铁快线G01路，15／人
🌀planB ：轨道5号线在石桥铺换乘1号线在较场口下
🌀planC ：打车约55元
.
【美食推荐】
.
🔶：藏在巷子里的地道老火锅
🔷 ：重庆首家甜品盖碗茶！
🔶 ：本地人一年馋364次的虾虾！

@生活薯 @走走薯 @薯队长 @小红书成长助手",,1677580911000,1677580912000,5b9da3c66b58b7694b226684,火锅儿妹妹,https://sns-avatar-qc.xhscdn.com/avatar/63f0a92c67341b9f427b9503.jpg,40,22,0,4,,"https://sns-img-bd.xhscdn.com/ec5b19bf-da82-9d50-e888-a822c5450f1c,https://sns-img-bd.xhscdn.com/f3ff90d1-0fc7-11ea-b76f-29bdab32e08f,https://sns-img-bd.xhscdn.com/95064384-18d8-fd1e-323c-cd02e183cb7a,https://sns-img-bd.xhscdn.com/15f08a7c-a35c-85c7-8bf7-c1f7c48fdf6f,https://sns-img-bd.xhscdn.com/eecd8be8-fc03-02ef-f9e3-6cad7fcbc1f7,https://sns-img-bd.xhscdn.com/9719766a-5d29-bbd8-ef89-a36aa1950f39,https://sns-img-bd.xhscdn.com/00efb6ee-96b4-b0c7-ca7e-da04fe9ba147,https://sns-img-bd.xhscdn.com/90f74c66-f822-49ee-0326-900259ab067d,https://sns-img-bd.xhscdn.com/51464ceb-256b-2ea8-99b1-aa0a9b299c7c","解放碑,八一好吃街,千厮门大桥,北步园老火锅,朝天门,来福士,小北茶馆,黄角坪老街,涂鸦一条街,长江索道,李子坝轻轨穿楼,鹅岭二厂,观音桥好吃街,九街,老甘家小龙虾,山城步道,弹子石老街,龙门浩老街,南滨路,重庆美食,重庆旅游攻略,钟书阁,洪崖洞",1713149966723,https://www.xiaohongshu.com/explore/63fdda6f00000000130172ba
63fb451900000000130098b3,normal,🌈去了趟重庆|🆘再也不发朋友圈了😭,"刚刚去了趟重庆旅行📸，耍得“巴适得板”！🌈天气不冷也不冷，正是来重庆最好的好机会💯，去了好多好玩的地方，也吃了好多好吃的美食，真的太太太太开心太爱这个充满温度城市啦💓💓
不过以后再来重庆我一定不会再发朋友圈了❗️❗️❗️朋友圈都被赞爆啦😭😭大家不要再问我攻略啦，连夜写出来赶紧收藏好哟🉐
.
🚘交通指南：
✈️机场
重庆只有一个机场—江北国际机场，离市区很方便
🚝火车站
1⃣重庆西站：环线的开通使重庆西站也不那么偏远了，乘坐环线时注意方向
2⃣重庆北站：分南、北广场，其中南北广场相隔不远，有地下通道连接，来重庆首先选重庆北站，距离市中心较近
3⃣重庆沙坪坝站：附近就是三峡广场，但是车次比较少
（可以选择出租车、网约车都可以到达市区）
.
📍必打卡景点：
🏖洪崖洞：现实版千与千寻
🌋长江索道：江上索道～
🏝鹅岭贰厂：文艺青年在重庆必打卡的地
🗼川美涂鸦街：整条街满满都是涂鸦～
⛺️解放碑：重庆 zui 有名的地标之一
🏕李子坝：重庆独一份儿的轻轨穿楼
.
🏠住宿指南：
🛀🏻解放碑：来重庆旅行的醉佳居住地一定是解放碑
🛀🏻观音桥：来重庆年轻人可以选择住在观音桥，这里有重庆的""不夜九街""也就是重庆知名的酒吧一条街，年轻人很多
🛀🏻南滨路：重庆的夜景从很多年前起就是一绝，想欣赏重庆绝美江景夜景可以住在南坪，视线越好价格越贵
🛀🏻沙坪坝：重庆各大区里，价格醉便宜的就是沙坪坝三峡广场那边的酒店和民宿了
.
📃旅游避坑指南：
💣重庆好玩的很多，但不要贪多，把行程安排满满的，要让自己好好享受这段旅游的时光
💣重庆的景点都比较集中，而且很多都不需要门票，特别适合穷游，没有必要跟团，自由行也能玩得开心
💣准备行李的时候一定要轻装上阵，不要带很多东西出去玩，不然很累的
一定要带上平底鞋，爬坡上坎的很费脚
💣乘坐出租车的时候切记不要相信司机的推建，很多都是托
💣不要信重庆人的微微辣不辣！！也不要轻易挑战重庆麻辣，要备好肠胃药
.
🍻美食推荐：
🍤 ：本地人打堆堆的地道江湖菜馆，推荐小龙虾！
🍵 ：浓厚的市井气息，舒服惬意的喝茶聊天！
🥘  ：正宗地道的重庆老火锅！
🍜 ：以麻辣闻名，推荐豌杂面，软烂的豌豆混着杂酱的肉香，超赞！",,1677411609000,1682549422000,5b9da3c66b58b7694b226684,火锅儿妹妹,https://sns-avatar-qc.xhscdn.com/avatar/63f0a92c67341b9f427b9503.jpg,5040,2986,67,357,,"https://sns-img-qc.xhscdn.com/e76aa9c0-b6ab-2449-3ad1-6f4cc029f7f6,https://sns-img-qc.xhscdn.com/984245b0-ed26-70d9-abf8-efa7a1b9401d,https://sns-img-qc.xhscdn.com/ca3b3e84-a551-3ac3-bbb9-f89ad21dba79,https://sns-img-qc.xhscdn.com/372b5a9d-200c-909b-bae9-f5fb9f035dcc,https://sns-img-qc.xhscdn.com/888ca650-2581-5242-d148-c90a56b0690c,https://sns-img-qc.xhscdn.com/661e5476-ab8e-ee10-1611-ae26a71218e3,https://sns-img-qc.xhscdn.com/1a21ff0e-8fa3-4051-fce8-a6a347ecc9e5,https://sns-img-qc.xhscdn.com/12d81c49-a3ea-0987-a827-b97bbd44a7aa,https://sns-img-qc.xhscdn.com/af252e1a-2ebb-2173-4aa9-25b66cfe11de","老甘家小龙虾,小北茶馆,北步园老火锅戴家巷店,重庆小面",1713149966725,https://www.xiaohongshu.com/explore/63fb451900000000130098b3
63f9f9d2000000000800eb2a,normal,来重庆必去的14个景点 轻松get✅正确玩法,"这一定是来重庆旅游最最靠谱的景点攻略啦😍 ，想来重庆旅游的宝子👯👯们赶紧收藏起来📝不怕到时找不到喔💓！看完你就知道来到重庆哪些能做💁那些不能做🙅啦，简直是最棒的避坑防雷小攻略呢💯
.
👉必玩景点👈
.
❤️【解放碑】
是重庆的市中心，又被称为抗战胜利纪功碑，交通便利，选择住宿可以就在解放碑哦
💛【洪崖洞】
晚上有灯光很美，一般是晚上八点半左右开
💚【鹅岭二厂】
有非常多的文艺打卡点很适合喜欢拍照的姐妹，也是电影《从你的全世界路过》的取景地哦
💙【白象居】
非常复古的老居民楼，可以穿得复古一点来拍照，也是易烊千玺、彭昱畅拍的电影的取景地
💜【八一好吃街】
就在解放碑的附近，可以在晚上的时候去吃
🧡【山城步道】
一定要去里面的那条全是涂鸦的阶梯去打卡，很有特色，要穿平底鞋或者运动鞋
❤️【长江索道】
要提前在 gzh 搜""重庆索道公司""即可预约购票，单程票20元，往返票30元，下雨的话去南站，南站是室内排队上车
💛【两江小渡】
最好下午4点左右去，不是很热，还可以看到阳光映在江面的美景，记到提前在 vx公众号 ""重庆交运两江游""去买票
💚【鸿恩寺森林公园】
红墙绿瓦适合拍国风题材，也可以拍汉服婚服都很出片
💙【李子坝】
最佳机位在李子坝观景台和轨道牛角沱站，想要亲自体验穿楼感觉的可以坐在司机的后一节车厢
💜【磁器口】
磁器口的麻花特别好吃，有很多种口味
🧡【弹子石老街】
夜晚的弹子石老街有种身临""大鱼海棠""的感觉，真的很美，可以坐两江小渡直接到弹子石
❤️【钟书阁】
层层叠叠的楼梯组成了个8D空间非常像哈利波特里面的魔法世界
💛【罗中立美术馆】
提前 VX 上搜""四川美术学院美术馆""进行预约，刷身份证即可，美术馆的外墙是都是涂鸦，大家可以去打卡拍照
.
👉必吃美食👈
.
🔶 ：人气超旺，要提前排队，大刀腰片也太香了，口感绝绝子！
🔷 ：小面也是重庆一绝，人越多越好吃，不要为了快去冷清的店！
🔶 ：喝下午茶，听娘娘摆摆龙门阵，安利盖碗茶！
🔷 ：可以说我一个本地人，一年馋364次！
     #@走走薯 @生活薯@薯队长  @小红书成长助手",,1677326802000,1677326802000,5b9da3c66b58b7694b226684,火锅儿妹妹,https://sns-avatar-qc.xhscdn.com/avatar/63f0a92c67341b9f427b9503.jpg,62,60,2,20,,"https://sns-img-bd.xhscdn.com/4a13a7a8-c86a-1613-93b7-a091e74573fb,https://sns-img-bd.xhscdn.com/382c5052-b7f0-e95c-f8c0-d6c2ba4158d8,https://sns-img-bd.xhscdn.com/56e7c2d4-828a-edb5-7f13-bf9e658d77f5,https://sns-img-bd.xhscdn.com/0317805a-adaa-5858-d805-6f424001e63b,https://sns-img-bd.xhscdn.com/ff1317f9-8225-452b-cc9a-ac8023d9d63c,https://sns-img-bd.xhscdn.com/7451456a-4720-b74c-b44b-e2363bdd6a85,https://sns-img-bd.xhscdn.com/aa7280c4-ff38-31b6-9a71-a98d3e71e93c,https://sns-img-bd.xhscdn.com/44cd783f-8a71-2d81-b04b-db582d492fce,https://sns-img-bd.xhscdn.com/1a1fbc23-df61-2df6-fbe1-37d8a49cb3ab","土货老火锅,重庆小面,小北茶馆,老甘家小龙虾,重庆,重庆旅行,重庆美食,重庆探店,拍照",1713149966726,https://www.xiaohongshu.com/explore/63f9f9d2000000000800eb2a
63f88f990000000027028e99,normal,1-12月最佳旅行地🏖—3⃣月去哪里🆘,"三年YQ😷多少人的旅行计划都按下了暂停键😔，最近气温回升↗️，搬砖🐶是时候开始几年来的第一次旅行啦～😍，国内到处都是好玩的第一站去哪里呢❓当然是我们的山城重庆啦😊～毕竟重庆的春天很短，不想感受火炉的温度就赶紧来玩一玩吧✌✌
重庆土著的经验分享，不想踩💣就一定要收藏哦👀👀
.
👉行前准备事项
💛提前查好攻略，定好机票酒店。
💛查好当地最近几天天气
💛下载旅行必备的好用 APP 。
💛准备一个随身背包放常用的东西。
💛告诉家人或熟悉的朋友自己的旅行安排，留好紧急联系方式。
💛安排好自己的工作，托管好自己的宠物。
💛出门前关好门窗，收拾好家里的贵重物品，倒垃圾，关电源。
💛提前沟通好酒店电话，确认是否有接送服务，确认房间是否预订成功。
.
👉三日游线路推荐
Day1⃣：解放碑﹣朝天门-白象居﹣长江索道﹣千厮门大桥﹣洪崖洞
Day2⃣：鹅岭二厂﹣李子坝-涂鸦街﹣交通茶馆﹣磁器口﹣壹华里公园
Day3⃣：国泰艺术中心-山城步道﹣老君洞﹣观音桥﹣北仓文创园-九街
.
👉重庆住宿选择
🏘解放碑:旅行最佳，离各个景点都近观音桥,年轻人就选择这里
🏘南滨路：要看绝美夜景，就一定要选这里
🏘沙坪坝：价格最低，学生党不能错过
.
👉美食推荐
🌶熨斗糕：重庆80、90后小时候的街边少有的小吃之一，吃的是一种情怀
🌶锅巴洋芋：折耳根、泡菜丁、香菜缺一不可，不能吃的不放这些也很好吃哦
🌶豆干苕皮：烧烤单必点单品，豆干烤到冒泡泡，苕皮软软糯糯，安逸得很
🌶降龙爪爪：入口即化，火锅、冬阴功是我的心头爱
🌶胡记蹄花汤：王源带林依轮打卡的蹄花汤，老川美门口，本地人也都公认好吃
🌶重庆小面：随便一个路边边的店都不得“撇”，吃不得辣的千万不要点清汤小面，只有红汤才好吃
🌶 ：东华帝君同款打卡地，9.9的盖碗茶必点、还有童年回忆熨斗糕、三角粑，店内装修超出片
🌶 ：本地人打卡最多的江湖菜店馆，招牌小龙虾品质Q弹饱满，个大新鲜
🌶 ：房琪同款打卡地，32道免费甜品！特色九大碗，68元6荤3素吃到爽
    
@走走薯  @生活薯 @薯队长 @小红书成长助手",,1677234073000,1677234073000,5b9da3c66b58b7694b226684,火锅儿妹妹,https://sns-avatar-qc.xhscdn.com/avatar/63f0a92c67341b9f427b9503.jpg,26,27,1,6,,"https://sns-img-bd.xhscdn.com/e0c1e41a-70d0-82b7-641a-b5ce2d2828e5,https://sns-img-bd.xhscdn.com/1fa9d9c8-f6a8-3779-499d-01c5bcd1f222,https://sns-img-bd.xhscdn.com/4d2cdd11-02df-765f-72bb-277a9dc66e05,https://sns-img-bd.xhscdn.com/f65d4a92-a7ce-3b10-1c04-5ab7f550fcb7,https://sns-img-bd.xhscdn.com/2ed81f8d-26cc-c871-c05a-568ee9abccdf,https://sns-img-bd.xhscdn.com/129fb060-51e0-a2d4-9160-750fbd10f0b1,https://sns-img-bd.xhscdn.com/40379841-6355-b15a-64d9-a621b89ad72c,https://sns-img-bd.xhscdn.com/24c665cd-8740-abda-a5e3-87b4c519bcf9,https://sns-img-bd.xhscdn.com/d238709e-9865-f5b7-66e0-26c7f981ebf4","小北茶馆,老甘家小龙虾,土货老火锅,重庆美食,拍照,重庆旅行,旅行攻略,重庆,旅行",1713149966727,https://www.xiaohongshu.com/explore/63f88f990000000027028e99
63f74dbf00000000140277b2,normal,确定啦✌周末去重庆💓 攻略立马做起来,"哇哇哇🤩，🌸春天到了，又是到了出游👭的好季节，2023的第一站怎么能少了“8⃣D魔幻城市重庆呢！一定要收藏这篇攻略哟！轻松get✅重庆热门景点+美食！干货满满😎😎
.
游玩路线💛💛
Day1渝中区：解放碑﹣白象居﹣重庆长江索道-洪崖洞
Day2渝中区：李子坝﹣鹅岭二厂﹣联合国际大厦﹣湖广会馆
Day3江北区：重庆大剧院-鸿恩寺﹣喵儿石﹣观音桥好吃街-北仓文创街区
Day4南岸区：南山一棵树﹣筒子楼﹣壹华里夜景公园﹣弹子石老街
Day5沙坪坝区：罗中立美术馆﹣川美虎溪校区-磁器口-歌乐山
Day6九龙坡区：交通茶馆﹣钟书阁﹣动物园﹣涂鸦一条街
Day7渝北区：金海湾公园-园博园﹣中央公园﹣照母山巨木阵
.
美食招牌菜品推荐💚💚
【 】
💓盖碗拉丝奶茶：能够拉丝的奶茶哦～纯手工制作而成，丝滑又浓郁，入口即化，软糯可口。
💓盖碗白玉丸子：奶茶配上糯叽叽的丸子，吃起来 Q 弹有嚼劲。
💓盖碗芝士奶盖：咸香十足的奶盖，味道好浓郁，一口大满足。
【】
💓九大碗：6荤3素有嫩牛肉、午餐肉、麻辣牛肉、爆肚、鸭血、鸭肠、土豆丝、海带、豆腐皮，都是必点！!78元的9个荤菜，鲍鱼、毛肚、鸭肠、鱿鱼、牛肉、鹌鹑蛋、午餐肉都有，真的很划算！
💓32道甜品无限吃：一楼甜品站自取不限量！烧仙草、冰淇淋台、布丁、凉面！5款雪山冰雪，有抹茶酸奶、牛乳、泰茶、芒果口味全部免费吃
💓网红香水奶茶：梅草莓奶茶，芒果奶茶，台抹茶奶茶，心金桔柠檬，玻璃瓶装小巧可爱
.
【  】
💓招牌蒜蓉小龙虾： Q 弹鲜嫩的虾肉配上蒜蓉，真的妙不可言！吃完虾，再倒入一份面条～，搅拌均匀，大口嗦面，超满足！
💓老甘香辣小龙虾：香辣的虾浑身吸饱了汤汁，嗦一口真的又鲜又香，又麻又辣，我这重庆胃真的爱惨了！
💓清蒸小龙虾：清蒸的小龙虾保留了虾本身的鲜美，吃着清甜弹牙，再配上一碗老甘家的秘制酱料，来上一口，感受着蘸料的鲜香与虾肉的甘甜在嘴里碰撞绝了
💓海鲜盛宴：一大盘，真的震撼！够三四人吃了，海鲜个头都很大，一眼望去，都忍不住流口水了！
 @城市情报官 @走走薯 @薯队长 @生活薯 @小红书成长助手",,1677151679000,1677151680000,5b9da3c66b58b7694b226684,火锅儿妹妹,https://sns-avatar-qc.xhscdn.com/avatar/63f0a92c67341b9f427b9503.jpg,83,74,3,20,,"https://sns-img-bd.xhscdn.com/59ee5f06-703c-c8d1-6605-f6b8582892b4,https://sns-img-bd.xhscdn.com/ffab4f87-340c-0566-a4c4-912cbadea8a9,https://sns-img-bd.xhscdn.com/4ad6049e-ff10-3f44-ecf6-ffa392f6277d,https://sns-img-bd.xhscdn.com/a7d5e315-5ff2-2e9d-c3e8-2227daee66bb,https://sns-img-bd.xhscdn.com/064a08a2-fcff-72a0-5f4c-79dad3192b98,https://sns-img-bd.xhscdn.com/e6491163-90fd-0da2-b985-970f58d2bcb0,https://sns-img-bd.xhscdn.com/f496a3e0-60cc-0f4c-460d-3f5b072baedf,https://sns-img-bd.xhscdn.com/abb82be3-aa13-bc8b-d495-e19210209fb3,https://sns-img-bd.xhscdn.com/b141b560-2ead-3fcc-d479-e7a8b170976c","重庆美食,攻略,老甘家小龙虾,小北茶馆,土货老火锅,重庆火锅,重庆,旅行",1713149966728,https://www.xiaohongshu.com/explore/63f74dbf00000000140277b2
63f49df80000000013004d1e,normal,成都重庆双城游攻略连夜整理🉑最新版,"春暖花开不冷不热，又到了重庆成都双城游最佳时期✌✌！两座城市距离近交通方便，超适合学生党和周边游哟🚗！作为资深的川渝爱好者以及重庆本土土著，😭连夜花了整个通宵为宝子们整理了一份超详细攻略，建议先码住噢✅✅✅
.
🚘两地交通🚘
.
【重庆篇】
🚝重庆出行首选轻轨，重庆的轨道交通十分的发达，可以到达大部分的景点
🚌公交车比较堵，不推荐乘坐公交车出行
🚕重庆的出租车一定要认准黄色“法拉利”，在非常赶时间的时候可以试试出租车，一般都能准时送达
【成都篇】
🚲成都到处都有共享单车，出行可以选择共享单车，非常的方便
🚌成都的大部分景区都有景区直通车，去打卡的时候可以选择乘坐
.
📌路线推荐📌
.
📝路线1：——
📝路线2：——
📝路线3：
📝路线4：
.
🍖美食盘点🍖
.
【重庆篇】
🥘 ：本地人一致认可的地道老火锅，九大碗、十二大必点菜、32道免费的甜品
🥘 ：他家的小龙虾为镇店之宝，宝子们一定要冲冲冲！招牌铁山坪麻麻鸡、秋秋妹耙凤爪一抿就脱骨，吃到你“刹不到国”
🥘 ：具有巴渝特色的小茶馆超有格调，在这里可以点杯盖碗菜坐一下午，还有各种童年小吃
【成都篇】
🍳 ：麻味、辣味简直了不愧为成都十大小吃之首
🍳 ：成都90后的童年最爱
   
@城市情报官 @走走薯 @生活薯 @薯队长 @小红书成长助手",,1676975608000,1676975609000,5b9da3c66b58b7694b226684,火锅儿妹妹,https://sns-avatar-qc.xhscdn.com/avatar/63f0a92c67341b9f427b9503.jpg,9,8,0,5,,"https://sns-img-qc.xhscdn.com/d4be478d-965a-0145-efc5-657dcc86a77e,https://sns-img-qc.xhscdn.com/e46feb08-8d0c-30d1-311d-843fc56a0de0,https://sns-img-qc.xhscdn.com/dd2874e8-07b3-6044-364d-bd9125870ccc,https://sns-img-qc.xhscdn.com/13212d79-f1cb-fff1-1b55-1e451d84bdbd,https://sns-img-qc.xhscdn.com/a9ddf61f-03da-3393-fe44-330dba8e31ea,https://sns-img-qc.xhscdn.com/d810f583-4b03-d947-c233-59a90a7a05d5,https://sns-img-qc.xhscdn.com/5e2a24b9-ea50-5a1e-5763-929f16d87ba3,https://sns-img-qc.xhscdn.com/368feef3-2a29-ec3f-4cb0-ecd6487fd5a3,https://sns-img-qc.xhscdn.com/083d74dc-0fc7-c9c9-7a0b-9a709dd26720","解放碑一,国泰艺术中心一,八一好吃街一,山城步道一,十八梯一,千厮门大桥,洪崖洞,土货老火锅,皇冠大扶梯一,鹅岭二厂一,轻轨李子坝站一,磁器口一,北仓文创街区,老甘家小龙虾,九街,太古里一,春熙路一,烤匠烤鱼一,武侯祠一,锦里一,望平街,熊猫基地一,杜甫草堂一,龙厂长火锅一,宽窄巷子一,九眼桥,小北茶馆,双流老妈麻辣兔头,蛋烘糕,重庆,成都,重庆旅行攻略,成都旅行攻略,火锅,美食探店,拍照",1713149966729,https://www.xiaohongshu.com/explore/63f49df80000000013004d1e
63f2f0b8000000000703aada,normal,春天重庆旅游踏青最全攻略，非网红地！,"有人曾说
如果你宠爱一个人就带她去重庆
丢开走马观花的旅游方式
逛逛重庆的大街小巷
吹吹嘉陵江的晚风
或者只是在山野绿林
提前感受一下那种慢慢变老的感觉
缓缓地
将生命活出最质朴的意义
.
👉游玩推荐
.
🌸南山植物园：早樱绽放，日系写真好去处
🌸鹅岭公园：江南园林，繁花似锦
🌸园博园：融合各地园林景观，风景绝美
🌸中央公园：亚洲第一大城市中央公园，野餐露营放风筝一绝
🌸佛图关公园：观赏开往春天的列车，感受与轻轨擦肩而过
🌸彩云湖湿地公园：空气清新，老少皆宜
🌸华岩寺：唐宋古寺庙，静心赏春圣地
🌸鸿恩寺森林公园：夜景绝美，汉服拍照绝绝子，可眺望江北、渝中，视野极好
🌸南山腊梅路公园：荒野杜鹃花，浓墨重彩
🌸熊婆婆的花园：主题花展，炒鸡出片的地
🌸大寺娅公园：大片郁金香，制霸朋友圈
🌸照母山森林公园：绿水青山，放松心情，观赏落日绝佳
.
👉住宿选择
.
🏠解放碑：重庆母城，山城文化最浓厚的地方，交通出行方便，住宿首选
🏠观音桥：感受夜生活首选，本地人长驻商
🏠南滨路：欣赏夜景，江边美景
🏠沙坪坝：学生党首选，价格最低
.
👉美食打卡
.
🥘 ：深受本地居民喜爱、旅行博主房琪都来打卡的重庆老火锅，性价比真的很无敌，32道甜品免费吃！在洪崖洞门口，位置很好找！
☕️  ：地道老茶馆，开在天井下的老居民楼里，阳光明媚的下午陪朋友喝喝茶聊聊天，真的很惬意。偶尔还有原著居民过路聊天，坐在那里就能感受到浓浓的市井气息，静享安静时光。
🍤  ：这家绝对是重庆最老最好火爆的龙虾店，应该没有人反驳吧，吃虾必吃他家，凌晨两点都还在营业，场面超级大，市井味超级浓，他家做虾虾的厨师都是做了十几年的老师傅，味道这块拿捏得死死的，品质更是霸道惨！
.
宝子们，想来重庆就赶紧码住吧 ！不怕找不到喔[合十R][合十R]是真的很用心啦 真诚的分享关于重庆的一切需要有你们的支持[哭惹R][哭惹R]
.
                  
@城市情报官 @走走薯 @薯队长 @小红书成长助手 @生活薯",,1676865720000,1676865904000,5b9da3c66b58b7694b226684,火锅儿妹妹,https://sns-avatar-qc.xhscdn.com/avatar/63f0a92c67341b9f427b9503.jpg,6,5,0,7,,"https://sns-img-bd.xhscdn.com/0ad8138c-356f-9a83-5dd3-3e86559ec44f,https://sns-img-bd.xhscdn.com/d84f09c5-ebef-f891-4d35-9d5a32cef550,https://sns-img-bd.xhscdn.com/75a2b773-6068-f4a0-460b-df3676ac5d66,https://sns-img-bd.xhscdn.com/756e788c-2fe8-ef29-8f8c-284fb9038aa8,https://sns-img-bd.xhscdn.com/8ab58a5d-d813-f275-1ca4-50f8b87d6213,https://sns-img-bd.xhscdn.com/01353966-074a-100f-ae6e-8a18bd68bd6b,https://sns-img-bd.xhscdn.com/20a9af95-118d-f489-9a5e-d03ad83fc065,https://sns-img-bd.xhscdn.com/b0ebcce4-d337-2957-bc76-46b07107182a,https://sns-img-bd.xhscdn.com/339cd73e-ae4d-5071-5812-7ed3c1cca8b9","土货老火锅,小北茶馆,老甘家小龙虾,重庆,重庆旅游,重庆踏春,重庆打卡,重庆小众拍照地,探店,火锅,春天,郊游,旅行,攻略",1713149966730,https://www.xiaohongshu.com/explore/63f2f0b8000000000703aada
